num_nodes,num_colors,edge_prob,num_samples,Algorithm,SHD,CHD
20,10,0.8,1000,DP Greedy,207,10
20,10,0.8,500,DP Greedy,183,12
20,10,0.8,100,DP Greedy,153,12
20,2,0.8,1000,DP Greedy,174,14
20,2,0.8,500,DP Greedy,151,14
20,2,0.8,100,DP Greedy,185,14
20,10,0.6,1000,DP Greedy,150,10
20,10,0.6,500,DP Greedy,137,11
20,10,0.6,100,DP Greedy,136,11
20,2,0.6,1000,DP Greedy,180,16
20,2,0.6,500,DP Greedy,156,15
20,2,0.6,100,DP Greedy,153,15
20,10,0.4,1000,DP Greedy,86,8
20,10,0.4,500,DP Greedy,138,11
20,10,0.4,100,DP Greedy,85,12
20,2,0.4,1000,DP Greedy,152,16
20,2,0.4,500,DP Greedy,106,16
20,2,0.4,100,DP Greedy,88,13
20,10,0.2,1000,DP Greedy,19,10
20,10,0.2,500,DP Greedy,25,8
20,10,0.2,100,DP Greedy,19,10
20,2,0.2,1000,DP Greedy,10,7
20,2,0.2,500,DP Greedy,27,9
20,2,0.2,100,DP Greedy,37,13
8,4,0.8,1000,DP Greedy,15,4
8,4,0.8,500,DP Greedy,16,3
8,4,0.8,100,DP Greedy,18,4
8,2,0.8,1000,DP Greedy,18,2
8,2,0.8,500,DP Greedy,7,0
8,2,0.8,100,DP Greedy,17,3
8,4,0.6,1000,DP Greedy,9,1
8,4,0.6,500,DP Greedy,13,4
8,4,0.6,100,DP Greedy,13,4
8,2,0.6,1000,DP Greedy,8,2
8,2,0.6,500,DP Greedy,16,3
8,2,0.6,100,DP Greedy,4,3
8,4,0.4,1000,DP Greedy,7,2
8,4,0.4,500,DP Greedy,0,0
8,4,0.4,100,DP Greedy,8,1
8,2,0.4,1000,DP Greedy,4,3
8,2,0.4,500,DP Greedy,3,3
8,2,0.4,100,DP Greedy,3,3
8,4,0.2,1000,DP Greedy,10,3
8,4,0.2,500,DP Greedy,5,4
8,4,0.2,100,DP Greedy,11,4
8,2,0.2,1000,DP Greedy,6,3
8,2,0.2,500,DP Greedy,6,3
8,2,0.2,100,DP Greedy,8,1
5,2,0.8,1000,DP Greedy,9,3
5,2,0.8,500,DP Greedy,8,2
5,2,0.8,100,DP Greedy,4,1
5,2,0.8,1000,DP Greedy,13,2
5,2,0.8,500,DP Greedy,4,2
5,2,0.8,100,DP Greedy,7,2
5,2,0.6,1000,DP Greedy,13,2
5,2,0.6,500,DP Greedy,11,2
5,2,0.6,100,DP Greedy,7,3
5,2,0.6,1000,DP Greedy,3,1
5,2,0.6,500,DP Greedy,0,0
5,2,0.6,100,DP Greedy,9,2
5,2,0.4,1000,DP Greedy,5,1
5,2,0.4,500,DP Greedy,0,1
5,2,0.4,100,DP Greedy,0,1
5,2,0.4,1000,DP Greedy,0,0
5,2,0.4,500,DP Greedy,0,0
5,2,0.4,100,DP Greedy,1,1
5,2,0.2,1000,DP Greedy,0,0
5,2,0.2,500,DP Greedy,0,0
5,2,0.2,100,DP Greedy,1,0
5,2,0.2,1000,DP Greedy,0,0
5,2,0.2,500,DP Greedy,0,0
5,2,0.2,100,DP Greedy,2,0
20,10,0.8,1000,DP Greedy,206,10
20,10,0.8,500,DP Greedy,149,11
20,10,0.8,100,DP Greedy,178,11
20,2,0.8,1000,DP Greedy,166,16
20,2,0.8,500,DP Greedy,174,16
20,2,0.8,100,DP Greedy,184,11
20,10,0.6,1000,DP Greedy,141,9
20,10,0.6,500,DP Greedy,168,9
20,10,0.6,100,DP Greedy,130,13
20,2,0.6,1000,DP Greedy,136,16
20,2,0.6,500,DP Greedy,156,15
20,2,0.6,100,DP Greedy,152,14
20,10,0.4,1000,DP Greedy,169,10
20,10,0.4,500,DP Greedy,111,12
20,10,0.4,100,DP Greedy,136,12
20,2,0.4,1000,DP Greedy,132,16
20,2,0.4,500,DP Greedy,118,16
20,2,0.4,100,DP Greedy,115,14
20,10,0.2,1000,DP Greedy,44,8
20,10,0.2,500,DP Greedy,51,11
20,10,0.2,100,DP Greedy,39,13
20,2,0.2,1000,DP Greedy,30,11
20,2,0.2,500,DP Greedy,6,3
20,2,0.2,100,DP Greedy,46,13
8,4,0.8,1000,DP Greedy,15,2
8,4,0.8,500,DP Greedy,19,3
8,4,0.8,100,DP Greedy,16,3
8,2,0.8,1000,DP Greedy,24,4
8,2,0.8,500,DP Greedy,30,4
8,2,0.8,100,DP Greedy,16,3
8,4,0.6,1000,DP Greedy,36,4
8,4,0.6,500,DP Greedy,19,2
8,4,0.6,100,DP Greedy,27,3
8,2,0.6,1000,DP Greedy,0,0
8,2,0.6,500,DP Greedy,6,2
8,2,0.6,100,DP Greedy,10,4
8,4,0.4,1000,DP Greedy,0,0
8,4,0.4,500,DP Greedy,0,0
8,4,0.4,100,DP Greedy,18,3
8,2,0.4,1000,DP Greedy,11,3
8,2,0.4,500,DP Greedy,19,4
8,2,0.4,100,DP Greedy,16,4
8,4,0.2,1000,DP Greedy,0,1
8,4,0.2,500,DP Greedy,0,1
8,4,0.2,100,DP Greedy,6,1
8,2,0.2,1000,DP Greedy,0,2
8,2,0.2,500,DP Greedy,0,2
8,2,0.2,100,DP Greedy,2,2
5,2,0.8,1000,DP Greedy,8,2
5,2,0.8,500,DP Greedy,4,1
5,2,0.8,100,DP Greedy,9,2
5,2,0.8,1000,DP Greedy,0,1
5,2,0.8,500,DP Greedy,0,1
5,2,0.8,100,DP Greedy,5,1
5,2,0.6,1000,DP Greedy,0,0
5,2,0.6,500,DP Greedy,2,2
5,2,0.6,100,DP Greedy,5,2
5,2,0.6,1000,DP Greedy,0,1
5,2,0.6,500,DP Greedy,0,2
5,2,0.6,100,DP Greedy,11,2
5,2,0.4,1000,DP Greedy,3,1
5,2,0.4,500,DP Greedy,3,1
5,2,0.4,100,DP Greedy,3,1
5,2,0.4,1000,DP Greedy,0,0
5,2,0.4,500,DP Greedy,3,1
5,2,0.4,100,DP Greedy,3,2
5,2,0.2,1000,DP Greedy,0,0
5,2,0.2,500,DP Greedy,0,0
5,2,0.2,100,DP Greedy,2,2
5,2,0.2,1000,DP Greedy,0,0
5,2,0.2,500,DP Greedy,1,0
5,2,0.2,100,DP Greedy,0,1
20,10,0.8,1000,DP Greedy,204,11
20,10,0.8,500,DP Greedy,166,10
20,10,0.8,100,DP Greedy,154,12
20,2,0.8,1000,DP Greedy,191,16
20,2,0.8,500,DP Greedy,225,15
20,2,0.8,100,DP Greedy,182,14
20,10,0.6,1000,DP Greedy,193,9
20,10,0.6,500,DP Greedy,157,8
20,10,0.6,100,DP Greedy,147,11
20,2,0.6,1000,DP Greedy,109,14
20,2,0.6,500,DP Greedy,111,14
20,2,0.6,100,DP Greedy,137,13
20,10,0.4,1000,DP Greedy,129,12
20,10,0.4,500,DP Greedy,114,10
20,10,0.4,100,DP Greedy,78,12
20,2,0.4,1000,DP Greedy,128,15
20,2,0.4,500,DP Greedy,85,13
20,2,0.4,100,DP Greedy,124,11
20,10,0.2,1000,DP Greedy,14,7
20,10,0.2,500,DP Greedy,7,7
20,10,0.2,100,DP Greedy,18,9
20,2,0.2,1000,DP Greedy,3,5
20,2,0.2,500,DP Greedy,59,11
20,2,0.2,100,DP Greedy,30,12
8,4,0.8,1000,DP Greedy,11,4
8,4,0.8,500,DP Greedy,22,4
8,4,0.8,100,DP Greedy,20,3
8,2,0.8,1000,DP Greedy,20,5
8,2,0.8,500,DP Greedy,19,3
8,2,0.8,100,DP Greedy,30,5
8,4,0.6,1000,DP Greedy,14,3
8,4,0.6,500,DP Greedy,20,4
8,4,0.6,100,DP Greedy,14,2
8,2,0.6,1000,DP Greedy,0,1
8,2,0.6,500,DP Greedy,14,4
8,2,0.6,100,DP Greedy,20,5
8,4,0.4,1000,DP Greedy,9,3
8,4,0.4,500,DP Greedy,7,3
8,4,0.4,100,DP Greedy,9,4
8,2,0.4,1000,DP Greedy,8,4
8,2,0.4,500,DP Greedy,0,0
8,2,0.4,100,DP Greedy,6,3
8,4,0.2,1000,DP Greedy,0,0
8,4,0.2,500,DP Greedy,2,0
8,4,0.2,100,DP Greedy,2,2
8,2,0.2,1000,DP Greedy,0,1
8,2,0.2,500,DP Greedy,0,0
8,2,0.2,100,DP Greedy,9,2
5,2,0.8,1000,DP Greedy,6,1
5,2,0.8,500,DP Greedy,2,2
5,2,0.8,100,DP Greedy,3,2
5,2,0.8,1000,DP Greedy,0,0
5,2,0.8,500,DP Greedy,0,0
5,2,0.8,100,DP Greedy,13,2
5,2,0.6,1000,DP Greedy,10,2
5,2,0.6,500,DP Greedy,8,1
5,2,0.6,100,DP Greedy,10,1
5,2,0.6,1000,DP Greedy,3,2
5,2,0.6,500,DP Greedy,0,0
5,2,0.6,100,DP Greedy,7,1
5,2,0.4,1000,DP Greedy,8,2
5,2,0.4,500,DP Greedy,9,2
5,2,0.4,100,DP Greedy,8,1
5,2,0.4,1000,DP Greedy,0,0
5,2,0.4,500,DP Greedy,0,0
5,2,0.4,100,DP Greedy,0,2
5,2,0.2,1000,DP Greedy,0,1
5,2,0.2,500,DP Greedy,1,1
5,2,0.2,100,DP Greedy,0,1
5,2,0.2,1000,DP Greedy,1,2
5,2,0.2,500,DP Greedy,0,2
5,2,0.2,100,DP Greedy,1,2
20,10,0.8,1000,DP Greedy,180,11
20,10,0.8,500,DP Greedy,197,9
20,10,0.8,100,DP Greedy,184,13
20,2,0.8,1000,DP Greedy,189,16
20,2,0.8,500,DP Greedy,163,15
20,2,0.8,100,DP Greedy,175,16
20,10,0.6,1000,DP Greedy,148,12
20,10,0.6,500,DP Greedy,148,11
20,10,0.6,100,DP Greedy,140,12
20,2,0.6,1000,DP Greedy,123,16
20,2,0.6,500,DP Greedy,164,14
20,2,0.6,100,DP Greedy,145,14
20,10,0.4,1000,DP Greedy,115,10
20,10,0.4,500,DP Greedy,124,10
20,10,0.4,100,DP Greedy,106,13
20,2,0.4,1000,DP Greedy,116,13
20,2,0.4,500,DP Greedy,99,16
20,2,0.4,100,DP Greedy,102,14
20,10,0.2,1000,DP Greedy,21,10
20,10,0.2,500,DP Greedy,36,10
20,10,0.2,100,DP Greedy,55,12
20,2,0.2,1000,DP Greedy,14,6
20,2,0.2,500,DP Greedy,8,7
20,2,0.2,100,DP Greedy,25,8
8,4,0.8,1000,DP Greedy,29,5
8,4,0.8,500,DP Greedy,25,3
8,4,0.8,100,DP Greedy,22,4
8,2,0.8,1000,DP Greedy,18,4
8,2,0.8,500,DP Greedy,16,5
8,2,0.8,100,DP Greedy,21,4
8,4,0.6,1000,DP Greedy,17,4
8,4,0.6,500,DP Greedy,7,3
8,4,0.6,100,DP Greedy,11,3
8,2,0.6,1000,DP Greedy,0,0
8,2,0.6,500,DP Greedy,20,3
8,2,0.6,100,DP Greedy,7,3
8,4,0.4,1000,DP Greedy,10,4
8,4,0.4,500,DP Greedy,8,2
8,4,0.4,100,DP Greedy,8,4
8,2,0.4,1000,DP Greedy,1,0
8,2,0.4,500,DP Greedy,0,0
8,2,0.4,100,DP Greedy,0,2
8,4,0.2,1000,DP Greedy,2,0
8,4,0.2,500,DP Greedy,1,0
8,4,0.2,100,DP Greedy,3,2
8,2,0.2,1000,DP Greedy,2,4
8,2,0.2,500,DP Greedy,2,3
8,2,0.2,100,DP Greedy,0,4
5,2,0.8,1000,DP Greedy,8,2
5,2,0.8,500,DP Greedy,0,0
5,2,0.8,100,DP Greedy,7,1
5,2,0.8,1000,DP Greedy,0,0
5,2,0.8,500,DP Greedy,0,0
5,2,0.8,100,DP Greedy,2,0
5,2,0.6,1000,DP Greedy,0,1
5,2,0.6,500,DP Greedy,0,0
5,2,0.6,100,DP Greedy,0,0
5,2,0.6,1000,DP Greedy,0,0
5,2,0.6,500,DP Greedy,0,0
5,2,0.6,100,DP Greedy,5,1
5,2,0.4,1000,DP Greedy,0,0
5,2,0.4,500,DP Greedy,0,0
5,2,0.4,100,DP Greedy,4,0
5,2,0.4,1000,DP Greedy,0,0
5,2,0.4,500,DP Greedy,0,0
5,2,0.4,100,DP Greedy,0,0
5,2,0.2,1000,DP Greedy,2,0
5,2,0.2,500,DP Greedy,0,0
5,2,0.2,100,DP Greedy,1,0
5,2,0.2,1000,DP Greedy,0,0
5,2,0.2,500,DP Greedy,0,0
5,2,0.2,100,DP Greedy,0,1
20,10,0.8,1000,DP Greedy,165,10
20,10,0.8,500,DP Greedy,206,10
20,10,0.8,100,DP Greedy,162,11
20,2,0.8,1000,DP Greedy,136,15
20,2,0.8,500,DP Greedy,129,12
20,2,0.8,100,DP Greedy,178,15
20,10,0.6,1000,DP Greedy,163,11
20,10,0.6,500,DP Greedy,168,12
20,10,0.6,100,DP Greedy,131,12
20,2,0.6,1000,DP Greedy,187,15
20,2,0.6,500,DP Greedy,165,15
20,2,0.6,100,DP Greedy,134,14
20,10,0.4,1000,DP Greedy,94,11
20,10,0.4,500,DP Greedy,65,9
20,10,0.4,100,DP Greedy,61,8
20,2,0.4,1000,DP Greedy,158,16
20,2,0.4,500,DP Greedy,114,17
20,2,0.4,100,DP Greedy,94,12
20,10,0.2,1000,DP Greedy,14,8
20,10,0.2,500,DP Greedy,6,10
20,10,0.2,100,DP Greedy,19,12
20,2,0.2,1000,DP Greedy,13,10
20,2,0.2,500,DP Greedy,27,9
20,2,0.2,100,DP Greedy,28,10
8,4,0.8,1000,DP Greedy,20,4
8,4,0.8,500,DP Greedy,18,4
8,4,0.8,100,DP Greedy,19,4
8,2,0.8,1000,DP Greedy,25,4
8,2,0.8,500,DP Greedy,30,5
8,2,0.8,100,DP Greedy,26,4
8,4,0.6,1000,DP Greedy,19,3
8,4,0.6,500,DP Greedy,11,4
8,4,0.6,100,DP Greedy,15,3
8,2,0.6,1000,DP Greedy,14,5
8,2,0.6,500,DP Greedy,13,4
8,2,0.6,100,DP Greedy,5,2
8,4,0.4,1000,DP Greedy,0,1
8,4,0.4,500,DP Greedy,0,2
8,4,0.4,100,DP Greedy,4,3
8,2,0.4,1000,DP Greedy,1,0
8,2,0.4,500,DP Greedy,0,0
8,2,0.4,100,DP Greedy,7,3
8,4,0.2,1000,DP Greedy,5,2
8,4,0.2,500,DP Greedy,0,0
8,4,0.2,100,DP Greedy,12,2
8,2,0.2,1000,DP Greedy,0,0
8,2,0.2,500,DP Greedy,0,0
8,2,0.2,100,DP Greedy,6,2
5,2,0.8,1000,DP Greedy,0,0
5,2,0.8,500,DP Greedy,0,0
5,2,0.8,100,DP Greedy,0,1
5,2,0.8,1000,DP Greedy,11,1
5,2,0.8,500,DP Greedy,5,1
5,2,0.8,100,DP Greedy,8,2
5,2,0.6,1000,DP Greedy,1,0
5,2,0.6,500,DP Greedy,2,0
5,2,0.6,100,DP Greedy,1,1
5,2,0.6,1000,DP Greedy,1,1
5,2,0.6,500,DP Greedy,2,2
5,2,0.6,100,DP Greedy,0,2
5,2,0.4,1000,DP Greedy,0,0
5,2,0.4,500,DP Greedy,2,0
5,2,0.4,100,DP Greedy,1,0
5,2,0.4,1000,DP Greedy,2,1
5,2,0.4,500,DP Greedy,2,2
5,2,0.4,100,DP Greedy,2,1
5,2,0.2,1000,DP Greedy,0,0
5,2,0.2,500,DP Greedy,0,0
5,2,0.2,100,DP Greedy,0,0
5,2,0.2,1000,DP Greedy,0,0
5,2,0.2,500,DP Greedy,0,0
5,2,0.2,100,DP Greedy,0,0
20,10,0.8,1000,DP Greedy,198,9
20,10,0.8,500,DP Greedy,190,10
20,10,0.8,100,DP Greedy,132,10
20,2,0.8,1000,DP Greedy,185,14
20,2,0.8,500,DP Greedy,199,15
20,2,0.8,100,DP Greedy,177,14
20,10,0.6,1000,DP Greedy,119,9
20,10,0.6,500,DP Greedy,126,9
20,10,0.6,100,DP Greedy,147,11
20,2,0.6,1000,DP Greedy,134,16
20,2,0.6,500,DP Greedy,148,16
20,2,0.6,100,DP Greedy,129,15
20,10,0.4,1000,DP Greedy,116,9
20,10,0.4,500,DP Greedy,84,11
20,10,0.4,100,DP Greedy,101,13
20,2,0.4,1000,DP Greedy,104,14
20,2,0.4,500,DP Greedy,80,14
20,2,0.4,100,DP Greedy,72,11
20,10,0.2,1000,DP Greedy,107,10
20,10,0.2,500,DP Greedy,38,10
20,10,0.2,100,DP Greedy,47,9
20,2,0.2,1000,DP Greedy,28,4
20,2,0.2,500,DP Greedy,51,12
20,2,0.2,100,DP Greedy,39,6
8,4,0.8,1000,DP Greedy,22,3
8,4,0.8,500,DP Greedy,17,3
8,4,0.8,100,DP Greedy,37,2
8,2,0.8,1000,DP Greedy,20,5
8,2,0.8,500,DP Greedy,26,4
8,2,0.8,100,DP Greedy,15,1
8,4,0.6,1000,DP Greedy,0,0
8,4,0.6,500,DP Greedy,4,3
8,4,0.6,100,DP Greedy,9,3
8,2,0.6,1000,DP Greedy,10,4
8,2,0.6,500,DP Greedy,7,2
8,2,0.6,100,DP Greedy,10,2
8,4,0.4,1000,DP Greedy,0,1
8,4,0.4,500,DP Greedy,0,1
8,4,0.4,100,DP Greedy,7,3
8,2,0.4,1000,DP Greedy,6,3
8,2,0.4,500,DP Greedy,6,5
8,2,0.4,100,DP Greedy,7,3
8,4,0.2,1000,DP Greedy,5,3
8,4,0.2,500,DP Greedy,0,1
8,4,0.2,100,DP Greedy,0,3
8,2,0.2,1000,DP Greedy,0,1
8,2,0.2,500,DP Greedy,0,1
8,2,0.2,100,DP Greedy,6,3
5,2,0.8,1000,DP Greedy,0,0
5,2,0.8,500,DP Greedy,3,2
5,2,0.8,100,DP Greedy,3,2
5,2,0.8,1000,DP Greedy,15,3
5,2,0.8,500,DP Greedy,0,0
5,2,0.8,100,DP Greedy,4,3
5,2,0.6,1000,DP Greedy,3,1
5,2,0.6,500,DP Greedy,0,0
5,2,0.6,100,DP Greedy,0,0
5,2,0.6,1000,DP Greedy,0,0
5,2,0.6,500,DP Greedy,0,2
5,2,0.6,100,DP Greedy,0,2
5,2,0.4,1000,DP Greedy,0,0
5,2,0.4,500,DP Greedy,0,0
5,2,0.4,100,DP Greedy,6,2
5,2,0.4,1000,DP Greedy,0,0
5,2,0.4,500,DP Greedy,2,1
5,2,0.4,100,DP Greedy,0,0
5,2,0.2,1000,DP Greedy,0,0
5,2,0.2,500,DP Greedy,0,0
5,2,0.2,100,DP Greedy,0,0
5,2,0.2,1000,DP Greedy,0,0
5,2,0.2,500,DP Greedy,0,0
5,2,0.2,100,DP Greedy,1,0
20,10,0.8,1000,DP Greedy,183,12
20,10,0.8,500,DP Greedy,159,12
20,10,0.8,100,DP Greedy,179,12
20,2,0.8,1000,DP Greedy,196,14
20,2,0.8,500,DP Greedy,177,15
20,2,0.8,100,DP Greedy,185,15
20,10,0.6,1000,DP Greedy,177,10
20,10,0.6,500,DP Greedy,142,11
20,10,0.6,100,DP Greedy,131,12
20,2,0.6,1000,DP Greedy,180,16
20,2,0.6,500,DP Greedy,152,14
20,2,0.6,100,DP Greedy,172,13
20,10,0.4,1000,DP Greedy,158,11
20,10,0.4,500,DP Greedy,137,9
20,10,0.4,100,DP Greedy,108,11
20,2,0.4,1000,DP Greedy,116,15
20,2,0.4,500,DP Greedy,101,14
20,2,0.4,100,DP Greedy,115,14
20,10,0.2,1000,DP Greedy,13,5
20,10,0.2,500,DP Greedy,11,7
20,10,0.2,100,DP Greedy,58,11
20,2,0.2,1000,DP Greedy,0,4
20,2,0.2,500,DP Greedy,52,14
20,2,0.2,100,DP Greedy,22,7
8,4,0.8,1000,DP Greedy,22,4
8,4,0.8,500,DP Greedy,21,3
8,4,0.8,100,DP Greedy,25,5
8,2,0.8,1000,DP Greedy,15,4
8,2,0.8,500,DP Greedy,24,4
8,2,0.8,100,DP Greedy,28,4
8,4,0.6,1000,DP Greedy,20,4
8,4,0.6,500,DP Greedy,20,4
8,4,0.6,100,DP Greedy,17,4
8,2,0.6,1000,DP Greedy,12,6
8,2,0.6,500,DP Greedy,13,4
8,2,0.6,100,DP Greedy,14,4
8,4,0.4,1000,DP Greedy,13,4
8,4,0.4,500,DP Greedy,9,3
8,4,0.4,100,DP Greedy,9,4
8,2,0.4,1000,DP Greedy,12,3
8,2,0.4,500,DP Greedy,0,0
8,2,0.4,100,DP Greedy,11,2
8,4,0.2,1000,DP Greedy,3,0
8,4,0.2,500,DP Greedy,6,3
8,4,0.2,100,DP Greedy,3,0
8,2,0.2,1000,DP Greedy,0,4
8,2,0.2,500,DP Greedy,1,2
8,2,0.2,100,DP Greedy,0,3
5,2,0.8,1000,DP Greedy,4,3
5,2,0.8,500,DP Greedy,0,2
5,2,0.8,100,DP Greedy,10,2
5,2,0.8,1000,DP Greedy,3,2
5,2,0.8,500,DP Greedy,4,2
5,2,0.8,100,DP Greedy,3,2
5,2,0.6,1000,DP Greedy,0,0
5,2,0.6,500,DP Greedy,0,0
5,2,0.6,100,DP Greedy,1,0
5,2,0.6,1000,DP Greedy,1,2
5,2,0.6,500,DP Greedy,0,2
5,2,0.6,100,DP Greedy,0,2
5,2,0.4,1000,DP Greedy,9,1
5,2,0.4,500,DP Greedy,4,2
5,2,0.4,100,DP Greedy,4,3
5,2,0.4,1000,DP Greedy,0,0
5,2,0.4,500,DP Greedy,0,0
5,2,0.4,100,DP Greedy,1,1
5,2,0.2,1000,DP Greedy,0,0
5,2,0.2,500,DP Greedy,0,0
5,2,0.2,100,DP Greedy,1,1
5,2,0.2,1000,DP Greedy,0,0
5,2,0.2,500,DP Greedy,0,0
5,2,0.2,100,DP Greedy,0,0
20,10,0.8,1000,DP Greedy,148,10
20,10,0.8,500,DP Greedy,150,10
20,10,0.8,100,DP Greedy,215,9
20,2,0.8,1000,DP Greedy,185,16
20,2,0.8,500,DP Greedy,207,16
20,2,0.8,100,DP Greedy,169,14
20,10,0.6,1000,DP Greedy,169,10
20,10,0.6,500,DP Greedy,156,10
20,10,0.6,100,DP Greedy,156,11
20,2,0.6,1000,DP Greedy,133,16
20,2,0.6,500,DP Greedy,167,16
20,2,0.6,100,DP Greedy,157,15
20,10,0.4,1000,DP Greedy,64,11
20,10,0.4,500,DP Greedy,83,10
20,10,0.4,100,DP Greedy,126,12
20,2,0.4,1000,DP Greedy,96,14
20,2,0.4,500,DP Greedy,90,14
20,2,0.4,100,DP Greedy,126,12
20,10,0.2,1000,DP Greedy,15,8
20,10,0.2,500,DP Greedy,9,6
20,10,0.2,100,DP Greedy,28,12
20,2,0.2,1000,DP Greedy,68,14
20,2,0.2,500,DP Greedy,77,13
20,2,0.2,100,DP Greedy,40,12
8,4,0.8,1000,DP Greedy,18,5
8,4,0.8,500,DP Greedy,17,3
8,4,0.8,100,DP Greedy,22,3
8,2,0.8,1000,DP Greedy,27,5
8,2,0.8,500,DP Greedy,7,5
8,2,0.8,100,DP Greedy,14,4
8,4,0.6,1000,DP Greedy,0,0
8,4,0.6,500,DP Greedy,16,3
8,4,0.6,100,DP Greedy,13,4
8,2,0.6,1000,DP Greedy,1,0
8,2,0.6,500,DP Greedy,11,4
8,2,0.6,100,DP Greedy,4,4
8,4,0.4,1000,DP Greedy,9,4
8,4,0.4,500,DP Greedy,2,1
8,4,0.4,100,DP Greedy,4,2
8,2,0.4,1000,DP Greedy,0,0
8,2,0.4,500,DP Greedy,0,0
8,2,0.4,100,DP Greedy,12,1
8,4,0.2,1000,DP Greedy,2,1
8,4,0.2,500,DP Greedy,0,1
8,4,0.2,100,DP Greedy,1,2
8,2,0.2,1000,DP Greedy,0,3
8,2,0.2,500,DP Greedy,1,3
8,2,0.2,100,DP Greedy,6,1
5,2,0.8,1000,DP Greedy,11,3
5,2,0.8,500,DP Greedy,11,2
5,2,0.8,100,DP Greedy,8,2
5,2,0.8,1000,DP Greedy,0,1
5,2,0.8,500,DP Greedy,5,2
5,2,0.8,100,DP Greedy,1,2
5,2,0.6,1000,DP Greedy,1,0
5,2,0.6,500,DP Greedy,0,0
5,2,0.6,100,DP Greedy,0,0
5,2,0.6,1000,DP Greedy,9,2
5,2,0.6,500,DP Greedy,4,3
5,2,0.6,100,DP Greedy,5,2
5,2,0.4,1000,DP Greedy,0,0
5,2,0.4,500,DP Greedy,0,0
5,2,0.4,100,DP Greedy,4,0
5,2,0.4,1000,DP Greedy,0,0
5,2,0.4,500,DP Greedy,0,0
5,2,0.4,100,DP Greedy,1,0
5,2,0.2,1000,DP Greedy,0,0
5,2,0.2,500,DP Greedy,0,0
5,2,0.2,100,DP Greedy,1,0
5,2,0.2,1000,DP Greedy,0,0
5,2,0.2,500,DP Greedy,0,0
5,2,0.2,100,DP Greedy,1,0
20,10,0.8,1000,DP Greedy,155,12
20,10,0.8,500,DP Greedy,174,11
20,10,0.8,100,DP Greedy,167,10
20,2,0.8,1000,DP Greedy,128,16
20,2,0.8,500,DP Greedy,167,14
20,2,0.8,100,DP Greedy,158,15
20,10,0.6,1000,DP Greedy,149,11
20,10,0.6,500,DP Greedy,159,10
20,10,0.6,100,DP Greedy,152,10
20,2,0.6,1000,DP Greedy,191,15
20,2,0.6,500,DP Greedy,126,14
20,2,0.6,100,DP Greedy,150,14
20,10,0.4,1000,DP Greedy,145,10
20,10,0.4,500,DP Greedy,94,11
20,10,0.4,100,DP Greedy,82,9
20,2,0.4,1000,DP Greedy,118,11
20,2,0.4,500,DP Greedy,98,16
20,2,0.4,100,DP Greedy,90,13
20,10,0.2,1000,DP Greedy,58,10
20,10,0.2,500,DP Greedy,55,11
20,10,0.2,100,DP Greedy,38,12
20,2,0.2,1000,DP Greedy,61,12
20,2,0.2,500,DP Greedy,51,10
20,2,0.2,100,DP Greedy,56,13
8,4,0.8,1000,DP Greedy,21,3
8,4,0.8,500,DP Greedy,20,3
8,4,0.8,100,DP Greedy,12,0
8,2,0.8,1000,DP Greedy,16,5
8,2,0.8,500,DP Greedy,23,3
8,2,0.8,100,DP Greedy,28,4
8,4,0.6,1000,DP Greedy,19,3
8,4,0.6,500,DP Greedy,30,4
8,4,0.6,100,DP Greedy,20,3
8,2,0.6,1000,DP Greedy,12,4
8,2,0.6,500,DP Greedy,2,2
8,2,0.6,100,DP Greedy,18,2
8,4,0.4,1000,DP Greedy,2,0
8,4,0.4,500,DP Greedy,16,2
8,4,0.4,100,DP Greedy,5,0
8,2,0.4,1000,DP Greedy,6,3
8,2,0.4,500,DP Greedy,5,2
8,2,0.4,100,DP Greedy,0,1
8,4,0.2,1000,DP Greedy,0,0
8,4,0.2,500,DP Greedy,0,0
8,4,0.2,100,DP Greedy,0,0
8,2,0.2,1000,DP Greedy,0,0
8,2,0.2,500,DP Greedy,1,0
8,2,0.2,100,DP Greedy,5,1
5,2,0.8,1000,DP Greedy,13,2
5,2,0.8,500,DP Greedy,11,2
5,2,0.8,100,DP Greedy,2,2
5,2,0.8,1000,DP Greedy,0,0
5,2,0.8,500,DP Greedy,0,0
5,2,0.8,100,DP Greedy,8,1
5,2,0.6,1000,DP Greedy,0,1
5,2,0.6,500,DP Greedy,9,3
5,2,0.6,100,DP Greedy,6,1
5,2,0.6,1000,DP Greedy,7,1
5,2,0.6,500,DP Greedy,0,0
5,2,0.6,100,DP Greedy,2,0
5,2,0.4,1000,DP Greedy,5,2
5,2,0.4,500,DP Greedy,3,0
5,2,0.4,100,DP Greedy,7,2
5,2,0.4,1000,DP Greedy,9,3
5,2,0.4,500,DP Greedy,2,2
5,2,0.4,100,DP Greedy,3,1
5,2,0.2,1000,DP Greedy,0,0
5,2,0.2,500,DP Greedy,0,0
5,2,0.2,100,DP Greedy,0,0
5,2,0.2,1000,DP Greedy,0,0
5,2,0.2,500,DP Greedy,0,0
5,2,0.2,100,DP Greedy,0,0
20,10,0.8,1000,DP Greedy,135,10
20,10,0.8,500,DP Greedy,164,12
20,10,0.8,100,DP Greedy,190,10
20,2,0.8,1000,DP Greedy,171,17
20,2,0.8,500,DP Greedy,192,15
20,2,0.8,100,DP Greedy,160,16
20,10,0.6,1000,DP Greedy,171,10
20,10,0.6,500,DP Greedy,166,8
20,10,0.6,100,DP Greedy,159,11
20,2,0.6,1000,DP Greedy,175,13
20,2,0.6,500,DP Greedy,190,14
20,2,0.6,100,DP Greedy,120,12
20,10,0.4,1000,DP Greedy,119,8
20,10,0.4,500,DP Greedy,142,9
20,10,0.4,100,DP Greedy,119,10
20,2,0.4,1000,DP Greedy,115,16
20,2,0.4,500,DP Greedy,123,12
20,2,0.4,100,DP Greedy,117,14
20,10,0.2,1000,DP Greedy,37,7
20,10,0.2,500,DP Greedy,23,11
20,10,0.2,100,DP Greedy,48,11
20,2,0.2,1000,DP Greedy,15,4
20,2,0.2,500,DP Greedy,46,11
20,2,0.2,100,DP Greedy,33,11
8,4,0.8,1000,DP Greedy,16,5
8,4,0.8,500,DP Greedy,16,2
8,4,0.8,100,DP Greedy,23,2
8,2,0.8,1000,DP Greedy,22,4
8,2,0.8,500,DP Greedy,12,3
8,2,0.8,100,DP Greedy,21,4
8,4,0.6,1000,DP Greedy,26,4
8,4,0.6,500,DP Greedy,10,3
8,4,0.6,100,DP Greedy,16,2
8,2,0.6,1000,DP Greedy,14,4
8,2,0.6,500,DP Greedy,15,4
8,2,0.6,100,DP Greedy,17,3
8,4,0.4,1000,DP Greedy,18,3
8,4,0.4,500,DP Greedy,4,1
8,4,0.4,100,DP Greedy,7,2
8,2,0.4,1000,DP Greedy,0,0
8,2,0.4,500,DP Greedy,5,2
8,2,0.4,100,DP Greedy,6,2
8,4,0.2,1000,DP Greedy,1,0
8,4,0.2,500,DP Greedy,2,2
8,4,0.2,100,DP Greedy,4,2
8,2,0.2,1000,DP Greedy,0,0
8,2,0.2,500,DP Greedy,0,2
8,2,0.2,100,DP Greedy,2,4
5,2,0.8,1000,DP Greedy,0,1
5,2,0.8,500,DP Greedy,13,3
5,2,0.8,100,DP Greedy,1,1
5,2,0.8,1000,DP Greedy,0,2
5,2,0.8,500,DP Greedy,0,2
5,2,0.8,100,DP Greedy,0,2
5,2,0.6,1000,DP Greedy,3,2
5,2,0.6,500,DP Greedy,4,1
5,2,0.6,100,DP Greedy,10,2
5,2,0.6,1000,DP Greedy,4,0
5,2,0.6,500,DP Greedy,0,0
5,2,0.6,100,DP Greedy,7,1
5,2,0.4,1000,DP Greedy,2,1
5,2,0.4,500,DP Greedy,0,2
5,2,0.4,100,DP Greedy,1,2
5,2,0.4,1000,DP Greedy,2,0
5,2,0.4,500,DP Greedy,0,0
5,2,0.4,100,DP Greedy,1,0
5,2,0.2,1000,DP Greedy,0,0
5,2,0.2,500,DP Greedy,0,0
5,2,0.2,100,DP Greedy,1,0
5,2,0.2,1000,DP Greedy,0,0
5,2,0.2,500,DP Greedy,0,0
5,2,0.2,100,DP Greedy,0,1
20,10,0.8,1000,DP Greedy,182,10
20,10,0.8,500,DP Greedy,174,12
20,10,0.8,100,DP Greedy,195,12
20,2,0.8,1000,DP Greedy,178,15
20,2,0.8,500,DP Greedy,146,15
20,2,0.8,100,DP Greedy,159,13
20,10,0.6,1000,DP Greedy,204,11
20,10,0.6,500,DP Greedy,182,10
20,10,0.6,100,DP Greedy,161,11
20,2,0.6,1000,DP Greedy,123,14
20,2,0.6,500,DP Greedy,87,15
20,2,0.6,100,DP Greedy,149,15
20,10,0.4,1000,DP Greedy,137,9
20,10,0.4,500,DP Greedy,96,13
20,10,0.4,100,DP Greedy,118,12
20,2,0.4,1000,DP Greedy,148,16
20,2,0.4,500,DP Greedy,121,15
20,2,0.4,100,DP Greedy,83,12
20,10,0.2,1000,DP Greedy,17,7
20,10,0.2,500,DP Greedy,43,9
20,10,0.2,100,DP Greedy,28,10
20,2,0.2,1000,DP Greedy,67,12
20,2,0.2,500,DP Greedy,42,10
20,2,0.2,100,DP Greedy,42,13
8,4,0.8,1000,DP Greedy,29,4
8,4,0.8,500,DP Greedy,27,5
8,4,0.8,100,DP Greedy,23,3
8,2,0.8,1000,DP Greedy,16,5
8,2,0.8,500,DP Greedy,6,3
8,2,0.8,100,DP Greedy,14,4
8,4,0.6,1000,DP Greedy,7,2
8,4,0.6,500,DP Greedy,17,4
8,4,0.6,100,DP Greedy,17,3
8,2,0.6,1000,DP Greedy,28,4
8,2,0.6,500,DP Greedy,13,2
8,2,0.6,100,DP Greedy,10,3
8,4,0.4,1000,DP Greedy,12,3
8,4,0.4,500,DP Greedy,26,3
8,4,0.4,100,DP Greedy,22,3
8,2,0.4,1000,DP Greedy,13,5
8,2,0.4,500,DP Greedy,9,4
8,2,0.4,100,DP Greedy,6,3
8,4,0.2,1000,DP Greedy,0,2
8,4,0.2,500,DP Greedy,0,3
8,4,0.2,100,DP Greedy,4,4
8,2,0.2,1000,DP Greedy,3,1
8,2,0.2,500,DP Greedy,3,0
8,2,0.2,100,DP Greedy,2,0
5,2,0.8,1000,DP Greedy,0,1
5,2,0.8,500,DP Greedy,0,0
5,2,0.8,100,DP Greedy,0,0
5,2,0.8,1000,DP Greedy,0,2
5,2,0.8,500,DP Greedy,1,2
5,2,0.8,100,DP Greedy,0,2
5,2,0.6,1000,DP Greedy,0,0
5,2,0.6,500,DP Greedy,4,1
5,2,0.6,100,DP Greedy,4,0
5,2,0.6,1000,DP Greedy,0,0
5,2,0.6,500,DP Greedy,0,0
5,2,0.6,100,DP Greedy,7,2
5,2,0.4,1000,DP Greedy,4,1
5,2,0.4,500,DP Greedy,3,2
5,2,0.4,100,DP Greedy,3,1
5,2,0.4,1000,DP Greedy,4,2
5,2,0.4,500,DP Greedy,0,0
5,2,0.4,100,DP Greedy,0,1
5,2,0.2,1000,DP Greedy,1,0
5,2,0.2,500,DP Greedy,0,0
5,2,0.2,100,DP Greedy,0,2
5,2,0.2,1000,DP Greedy,0,0
5,2,0.2,500,DP Greedy,0,2
5,2,0.2,100,DP Greedy,1,0
20,10,0.8,1000,DP Greedy,183,10
20,10,0.8,500,DP Greedy,162,10
20,10,0.8,100,DP Greedy,141,12
20,2,0.8,1000,DP Greedy,188,15
20,2,0.8,500,DP Greedy,179,15
20,2,0.8,100,DP Greedy,186,15
20,10,0.6,1000,DP Greedy,170,9
20,10,0.6,500,DP Greedy,131,11
20,10,0.6,100,DP Greedy,105,10
20,2,0.6,1000,DP Greedy,164,17
20,2,0.6,500,DP Greedy,154,14
20,2,0.6,100,DP Greedy,183,13
20,10,0.4,1000,DP Greedy,121,10
20,10,0.4,500,DP Greedy,115,10
20,10,0.4,100,DP Greedy,91,12
20,2,0.4,1000,DP Greedy,87,14
20,2,0.4,500,DP Greedy,99,13
20,2,0.4,100,DP Greedy,114,15
20,10,0.2,1000,DP Greedy,28,9
20,10,0.2,500,DP Greedy,22,10
20,10,0.2,100,DP Greedy,47,13
20,2,0.2,1000,DP Greedy,23,10
20,2,0.2,500,DP Greedy,10,6
20,2,0.2,100,DP Greedy,47,10
8,4,0.8,1000,DP Greedy,13,3
8,4,0.8,500,DP Greedy,24,3
8,4,0.8,100,DP Greedy,26,3
8,2,0.8,1000,DP Greedy,16,5
8,2,0.8,500,DP Greedy,22,4
8,2,0.8,100,DP Greedy,27,4
8,4,0.6,1000,DP Greedy,14,2
8,4,0.6,500,DP Greedy,6,1
8,4,0.6,100,DP Greedy,9,2
8,2,0.6,1000,DP Greedy,14,4
8,2,0.6,500,DP Greedy,22,3
8,2,0.6,100,DP Greedy,13,3
8,4,0.4,1000,DP Greedy,0,2
8,4,0.4,500,DP Greedy,6,4
8,4,0.4,100,DP Greedy,6,4
8,2,0.4,1000,DP Greedy,0,0
8,2,0.4,500,DP Greedy,7,3
8,2,0.4,100,DP Greedy,3,0
8,4,0.2,1000,DP Greedy,0,1
8,4,0.2,500,DP Greedy,4,2
8,4,0.2,100,DP Greedy,4,4
8,2,0.2,1000,DP Greedy,0,0
8,2,0.2,500,DP Greedy,0,2
8,2,0.2,100,DP Greedy,2,2
5,2,0.8,1000,DP Greedy,0,2
5,2,0.8,500,DP Greedy,0,2
5,2,0.8,100,DP Greedy,0,2
5,2,0.8,1000,DP Greedy,0,0
5,2,0.8,500,DP Greedy,8,2
5,2,0.8,100,DP Greedy,12,2
5,2,0.6,1000,DP Greedy,0,1
5,2,0.6,500,DP Greedy,2,1
5,2,0.6,100,DP Greedy,3,2
5,2,0.6,1000,DP Greedy,5,3
5,2,0.6,500,DP Greedy,0,0
5,2,0.6,100,DP Greedy,0,0
5,2,0.4,1000,DP Greedy,0,2
5,2,0.4,500,DP Greedy,0,2
5,2,0.4,100,DP Greedy,1,2
5,2,0.4,1000,DP Greedy,0,0
5,2,0.4,500,DP Greedy,0,0
5,2,0.4,100,DP Greedy,0,1
5,2,0.2,1000,DP Greedy,0,0
5,2,0.2,500,DP Greedy,0,0
5,2,0.2,100,DP Greedy,0,0
5,2,0.2,1000,DP Greedy,2,0
5,2,0.2,500,DP Greedy,0,0
5,2,0.2,100,DP Greedy,0,0
20,10,0.8,1000,DP Greedy,194,12
20,10,0.8,500,DP Greedy,156,12
20,10,0.8,100,DP Greedy,172,12
20,2,0.8,1000,DP Greedy,166,14
20,2,0.8,500,DP Greedy,195,15
20,2,0.8,100,DP Greedy,189,14
20,10,0.6,1000,DP Greedy,162,12
20,10,0.6,500,DP Greedy,150,12
20,10,0.6,100,DP Greedy,188,12
20,2,0.6,1000,DP Greedy,175,16
20,2,0.6,500,DP Greedy,137,15
20,2,0.6,100,DP Greedy,160,15
20,10,0.4,1000,DP Greedy,143,12
20,10,0.4,500,DP Greedy,126,12
20,10,0.4,100,DP Greedy,95,11
20,2,0.4,1000,DP Greedy,108,15
20,2,0.4,500,DP Greedy,72,11
20,2,0.4,100,DP Greedy,82,12
20,10,0.2,1000,DP Greedy,32,7
20,10,0.2,500,DP Greedy,10,9
20,10,0.2,100,DP Greedy,39,10
20,2,0.2,1000,DP Greedy,9,10
20,2,0.2,500,DP Greedy,35,12
20,2,0.2,100,DP Greedy,34,9
8,4,0.8,1000,DP Greedy,23,3
8,4,0.8,500,DP Greedy,25,2
8,4,0.8,100,DP Greedy,28,2
8,2,0.8,1000,DP Greedy,27,6
8,2,0.8,500,DP Greedy,37,4
8,2,0.8,100,DP Greedy,25,2
8,4,0.6,1000,DP Greedy,15,3
8,4,0.6,500,DP Greedy,4,3
8,4,0.6,100,DP Greedy,13,3
8,2,0.6,1000,DP Greedy,7,1
8,2,0.6,500,DP Greedy,14,3
8,2,0.6,100,DP Greedy,15,2
8,4,0.4,1000,DP Greedy,9,3
8,4,0.4,500,DP Greedy,12,3
8,4,0.4,100,DP Greedy,11,4
8,2,0.4,1000,DP Greedy,0,0
8,2,0.4,500,DP Greedy,7,3
8,2,0.4,100,DP Greedy,3,3
8,4,0.2,1000,DP Greedy,0,1
8,4,0.2,500,DP Greedy,0,1
8,4,0.2,100,DP Greedy,2,2
8,2,0.2,1000,DP Greedy,0,1
8,2,0.2,500,DP Greedy,2,3
8,2,0.2,100,DP Greedy,6,1
5,2,0.8,1000,DP Greedy,0,1
5,2,0.8,500,DP Greedy,12,2
5,2,0.8,100,DP Greedy,8,2
5,2,0.8,1000,DP Greedy,4,1
5,2,0.8,500,DP Greedy,0,1
5,2,0.8,100,DP Greedy,7,1
5,2,0.6,1000,DP Greedy,0,0
5,2,0.6,500,DP Greedy,0,0
5,2,0.6,100,DP Greedy,4,3
5,2,0.6,1000,DP Greedy,0,0
5,2,0.6,500,DP Greedy,0,0
5,2,0.6,100,DP Greedy,10,1
5,2,0.4,1000,DP Greedy,0,1
5,2,0.4,500,DP Greedy,0,0
5,2,0.4,100,DP Greedy,0,0
5,2,0.4,1000,DP Greedy,0,0
5,2,0.4,500,DP Greedy,0,0
5,2,0.4,100,DP Greedy,2,2
5,2,0.2,1000,DP Greedy,0,0
5,2,0.2,500,DP Greedy,1,0
5,2,0.2,100,DP Greedy,1,2
5,2,0.2,1000,DP Greedy,0,0
5,2,0.2,500,DP Greedy,0,0
5,2,0.2,100,DP Greedy,0,0
20,10,0.8,1000,DP Greedy,179,8
20,10,0.8,500,DP Greedy,168,10
20,10,0.8,100,DP Greedy,158,11
20,2,0.8,1000,DP Greedy,189,15
20,2,0.8,500,DP Greedy,188,16
20,2,0.8,100,DP Greedy,170,14
20,10,0.6,1000,DP Greedy,204,11
20,10,0.6,500,DP Greedy,125,11
20,10,0.6,100,DP Greedy,180,11
20,2,0.6,1000,DP Greedy,132,15
20,2,0.6,500,DP Greedy,143,15
20,2,0.6,100,DP Greedy,147,13
20,10,0.4,1000,DP Greedy,89,7
20,10,0.4,500,DP Greedy,115,9
20,10,0.4,100,DP Greedy,62,10
20,2,0.4,1000,DP Greedy,131,14
20,2,0.4,500,DP Greedy,129,15
20,2,0.4,100,DP Greedy,129,13
20,10,0.2,1000,DP Greedy,52,10
20,10,0.2,500,DP Greedy,43,9
20,10,0.2,100,DP Greedy,39,12
20,2,0.2,1000,DP Greedy,58,14
20,2,0.2,500,DP Greedy,46,14
20,2,0.2,100,DP Greedy,35,9
8,4,0.8,1000,DP Greedy,4,3
8,4,0.8,500,DP Greedy,20,4
8,4,0.8,100,DP Greedy,20,4
8,2,0.8,1000,DP Greedy,28,4
8,2,0.8,500,DP Greedy,31,4
8,2,0.8,100,DP Greedy,15,4
8,4,0.6,1000,DP Greedy,23,4
8,4,0.6,500,DP Greedy,17,2
8,4,0.6,100,DP Greedy,18,3
8,2,0.6,1000,DP Greedy,6,1
8,2,0.6,500,DP Greedy,14,3
8,2,0.6,100,DP Greedy,13,2
8,4,0.4,1000,DP Greedy,0,1
8,4,0.4,500,DP Greedy,0,1
8,4,0.4,100,DP Greedy,3,1
8,2,0.4,1000,DP Greedy,2,3
8,2,0.4,500,DP Greedy,1,0
8,2,0.4,100,DP Greedy,5,3
8,4,0.2,1000,DP Greedy,1,4
8,4,0.2,500,DP Greedy,0,4
8,4,0.2,100,DP Greedy,2,4
8,2,0.2,1000,DP Greedy,0,0
8,2,0.2,500,DP Greedy,0,0
8,2,0.2,100,DP Greedy,6,4
5,2,0.8,1000,DP Greedy,7,2
5,2,0.8,500,DP Greedy,0,0
5,2,0.8,100,DP Greedy,3,0
5,2,0.8,1000,DP Greedy,2,2
5,2,0.8,500,DP Greedy,7,2
5,2,0.8,100,DP Greedy,11,2
5,2,0.6,1000,DP Greedy,0,0
5,2,0.6,500,DP Greedy,0,0
5,2,0.6,100,DP Greedy,0,0
5,2,0.6,1000,DP Greedy,13,3
5,2,0.6,500,DP Greedy,10,2
5,2,0.6,100,DP Greedy,5,2
5,2,0.4,1000,DP Greedy,0,0
5,2,0.4,500,DP Greedy,2,2
5,2,0.4,100,DP Greedy,0,0
5,2,0.4,1000,DP Greedy,0,0
5,2,0.4,500,DP Greedy,0,1
5,2,0.4,100,DP Greedy,1,2
5,2,0.2,1000,DP Greedy,0,0
5,2,0.2,500,DP Greedy,2,1
5,2,0.2,100,DP Greedy,2,1
5,2,0.2,1000,DP Greedy,0,0
5,2,0.2,500,DP Greedy,0,0
5,2,0.2,100,DP Greedy,0,0
20,10,0.8,1000,DP Greedy,171,12
20,10,0.8,500,DP Greedy,180,11
20,10,0.8,100,DP Greedy,162,12
20,2,0.8,1000,DP Greedy,205,14
20,2,0.8,500,DP Greedy,215,15
20,2,0.8,100,DP Greedy,152,13
20,10,0.6,1000,DP Greedy,108,8
20,10,0.6,500,DP Greedy,149,10
20,10,0.6,100,DP Greedy,144,11
20,2,0.6,1000,DP Greedy,163,17
20,2,0.6,500,DP Greedy,156,15
20,2,0.6,100,DP Greedy,143,14
20,10,0.4,1000,DP Greedy,123,10
20,10,0.4,500,DP Greedy,139,10
20,10,0.4,100,DP Greedy,98,11
20,2,0.4,1000,DP Greedy,109,15
20,2,0.4,500,DP Greedy,89,12
20,2,0.4,100,DP Greedy,72,13
20,10,0.2,1000,DP Greedy,9,9
20,10,0.2,500,DP Greedy,37,10
20,10,0.2,100,DP Greedy,27,13
20,2,0.2,1000,DP Greedy,46,8
20,2,0.2,500,DP Greedy,50,13
20,2,0.2,100,DP Greedy,57,11
8,4,0.8,1000,DP Greedy,3,2
8,4,0.8,500,DP Greedy,25,3
8,4,0.8,100,DP Greedy,16,3
8,2,0.8,1000,DP Greedy,24,5
8,2,0.8,500,DP Greedy,16,4
8,2,0.8,100,DP Greedy,22,3
8,4,0.6,1000,DP Greedy,12,3
8,4,0.6,500,DP Greedy,20,2
8,4,0.6,100,DP Greedy,11,3
8,2,0.6,1000,DP Greedy,7,2
8,2,0.6,500,DP Greedy,14,4
8,2,0.6,100,DP Greedy,28,5
8,4,0.4,1000,DP Greedy,0,0
8,4,0.4,500,DP Greedy,4,4
8,4,0.4,100,DP Greedy,15,4
8,2,0.4,1000,DP Greedy,0,0
8,2,0.4,500,DP Greedy,0,0
8,2,0.4,100,DP Greedy,7,2
8,4,0.2,1000,DP Greedy,0,3
8,4,0.2,500,DP Greedy,0,2
8,4,0.2,100,DP Greedy,1,4
8,2,0.2,1000,DP Greedy,0,0
8,2,0.2,500,DP Greedy,0,0
8,2,0.2,100,DP Greedy,4,0
5,2,0.8,1000,DP Greedy,5,0
5,2,0.8,500,DP Greedy,15,1
5,2,0.8,100,DP Greedy,5,0
5,2,0.8,1000,DP Greedy,7,3
5,2,0.8,500,DP Greedy,8,3
5,2,0.8,100,DP Greedy,13,2
5,2,0.6,1000,DP Greedy,0,1
5,2,0.6,500,DP Greedy,0,1
5,2,0.6,100,DP Greedy,4,2
5,2,0.6,1000,DP Greedy,1,0
5,2,0.6,500,DP Greedy,0,0
5,2,0.6,100,DP Greedy,5,3
5,2,0.4,1000,DP Greedy,0,2
5,2,0.4,500,DP Greedy,0,0
5,2,0.4,100,DP Greedy,0,1
5,2,0.4,1000,DP Greedy,0,0
5,2,0.4,500,DP Greedy,0,0
5,2,0.4,100,DP Greedy,0,2
5,2,0.2,1000,DP Greedy,0,0
5,2,0.2,500,DP Greedy,0,0
5,2,0.2,100,DP Greedy,3,1
5,2,0.2,1000,DP Greedy,0,0
5,2,0.2,500,DP Greedy,0,0
5,2,0.2,100,DP Greedy,0,0
20,10,0.8,1000,DP Greedy,148,10
20,10,0.8,500,DP Greedy,148,11
20,10,0.8,100,DP Greedy,147,11
20,2,0.8,1000,DP Greedy,169,15
20,2,0.8,500,DP Greedy,215,14
20,2,0.8,100,DP Greedy,166,14
20,10,0.6,1000,DP Greedy,167,11
20,10,0.6,500,DP Greedy,144,9
20,10,0.6,100,DP Greedy,141,10
20,2,0.6,1000,DP Greedy,144,14
20,2,0.6,500,DP Greedy,147,15
20,2,0.6,100,DP Greedy,136,13
20,10,0.4,1000,DP Greedy,109,8
20,10,0.4,500,DP Greedy,131,11
20,10,0.4,100,DP Greedy,116,12
20,2,0.4,1000,DP Greedy,120,16
20,2,0.4,500,DP Greedy,100,15
20,2,0.4,100,DP Greedy,125,14
20,10,0.2,1000,DP Greedy,44,6
20,10,0.2,500,DP Greedy,61,9
20,10,0.2,100,DP Greedy,63,11
20,2,0.2,1000,DP Greedy,18,10
20,2,0.2,500,DP Greedy,11,10
20,2,0.2,100,DP Greedy,51,11
8,4,0.8,1000,DP Greedy,11,4
8,4,0.8,500,DP Greedy,8,1
8,4,0.8,100,DP Greedy,15,4
8,2,0.8,1000,DP Greedy,18,4
8,2,0.8,500,DP Greedy,16,5
8,2,0.8,100,DP Greedy,21,4
8,4,0.6,1000,DP Greedy,15,3
8,4,0.6,500,DP Greedy,6,3
8,4,0.6,100,DP Greedy,5,4
8,2,0.6,1000,DP Greedy,15,5
8,2,0.6,500,DP Greedy,19,4
8,2,0.6,100,DP Greedy,13,0
8,4,0.4,1000,DP Greedy,3,1
8,4,0.4,500,DP Greedy,6,4
8,4,0.4,100,DP Greedy,4,2
8,2,0.4,1000,DP Greedy,0,0
8,2,0.4,500,DP Greedy,1,1
8,2,0.4,100,DP Greedy,0,0
8,4,0.2,1000,DP Greedy,0,0
8,4,0.2,500,DP Greedy,1,0
8,4,0.2,100,DP Greedy,0,2
8,2,0.2,1000,DP Greedy,0,0
8,2,0.2,500,DP Greedy,0,0
8,2,0.2,100,DP Greedy,1,0
5,2,0.8,1000,DP Greedy,5,3
5,2,0.8,500,DP Greedy,10,1
5,2,0.8,100,DP Greedy,0,2
5,2,0.8,1000,DP Greedy,0,0
5,2,0.8,500,DP Greedy,4,0
5,2,0.8,100,DP Greedy,11,1
5,2,0.6,1000,DP Greedy,0,0
5,2,0.6,500,DP Greedy,4,0
5,2,0.6,100,DP Greedy,2,1
5,2,0.6,1000,DP Greedy,0,0
5,2,0.6,500,DP Greedy,0,0
5,2,0.6,100,DP Greedy,1,2
5,2,0.4,1000,DP Greedy,0,0
5,2,0.4,500,DP Greedy,7,1
5,2,0.4,100,DP Greedy,7,2
5,2,0.4,1000,DP Greedy,0,0
5,2,0.4,500,DP Greedy,0,0
5,2,0.4,100,DP Greedy,2,2
5,2,0.2,1000,DP Greedy,0,2
5,2,0.2,500,DP Greedy,0,0
5,2,0.2,100,DP Greedy,2,1
5,2,0.2,1000,DP Greedy,0,0
5,2,0.2,500,DP Greedy,0,0
5,2,0.2,100,DP Greedy,1,2
20,10,0.8,1000,DP Greedy,187,11
20,10,0.8,500,DP Greedy,185,11
20,10,0.8,100,DP Greedy,194,11
20,2,0.8,1000,DP Greedy,188,16
20,2,0.8,500,DP Greedy,200,14
20,2,0.8,100,DP Greedy,207,14
20,10,0.6,1000,DP Greedy,149,9
20,10,0.6,500,DP Greedy,145,12
20,10,0.6,100,DP Greedy,169,12
20,2,0.6,1000,DP Greedy,163,14
20,2,0.6,500,DP Greedy,165,14
20,2,0.6,100,DP Greedy,115,13
20,10,0.4,1000,DP Greedy,54,10
20,10,0.4,500,DP Greedy,102,9
20,10,0.4,100,DP Greedy,56,12
20,2,0.4,1000,DP Greedy,87,12
20,2,0.4,500,DP Greedy,90,14
20,2,0.4,100,DP Greedy,95,15
20,10,0.2,1000,DP Greedy,18,8
20,10,0.2,500,DP Greedy,49,12
20,10,0.2,100,DP Greedy,65,10
20,2,0.2,1000,DP Greedy,30,8
20,2,0.2,500,DP Greedy,41,8
20,2,0.2,100,DP Greedy,41,8
8,4,0.8,1000,DP Greedy,27,4
8,4,0.8,500,DP Greedy,35,2
8,4,0.8,100,DP Greedy,28,2
8,2,0.8,1000,DP Greedy,27,4
8,2,0.8,500,DP Greedy,24,5
8,2,0.8,100,DP Greedy,28,5
8,4,0.6,1000,DP Greedy,25,4
8,4,0.6,500,DP Greedy,16,2
8,4,0.6,100,DP Greedy,24,3
8,2,0.6,1000,DP Greedy,0,0
8,2,0.6,500,DP Greedy,3,2
8,2,0.6,100,DP Greedy,16,4
8,4,0.4,1000,DP Greedy,6,3
8,4,0.4,500,DP Greedy,16,3
8,4,0.4,100,DP Greedy,11,2
8,2,0.4,1000,DP Greedy,22,4
8,2,0.4,500,DP Greedy,7,4
8,2,0.4,100,DP Greedy,17,3
8,4,0.2,1000,DP Greedy,4,2
8,4,0.2,500,DP Greedy,6,2
8,4,0.2,100,DP Greedy,1,2
8,2,0.2,1000,DP Greedy,0,0
8,2,0.2,500,DP Greedy,0,0
8,2,0.2,100,DP Greedy,2,0
5,2,0.8,1000,DP Greedy,13,1
5,2,0.8,500,DP Greedy,10,2
5,2,0.8,100,DP Greedy,12,1
5,2,0.8,1000,DP Greedy,0,0
5,2,0.8,500,DP Greedy,0,0
5,2,0.8,100,DP Greedy,5,2
5,2,0.6,1000,DP Greedy,8,3
5,2,0.6,500,DP Greedy,1,1
5,2,0.6,100,DP Greedy,4,2
5,2,0.6,1000,DP Greedy,2,1
5,2,0.6,500,DP Greedy,0,0
5,2,0.6,100,DP Greedy,2,0
5,2,0.4,1000,DP Greedy,6,2
5,2,0.4,500,DP Greedy,4,2
5,2,0.4,100,DP Greedy,4,2
5,2,0.4,1000,DP Greedy,0,0
5,2,0.4,500,DP Greedy,0,0
5,2,0.4,100,DP Greedy,1,0
5,2,0.2,1000,DP Greedy,0,0
5,2,0.2,500,DP Greedy,0,0
5,2,0.2,100,DP Greedy,2,0
5,2,0.2,1000,DP Greedy,0,0
5,2,0.2,500,DP Greedy,0,2
5,2,0.2,100,DP Greedy,1,2
20,10,0.8,1000,DP Greedy,189,12
20,10,0.8,500,DP Greedy,121,12
20,10,0.8,100,DP Greedy,185,10
20,2,0.8,1000,DP Greedy,163,16
20,2,0.8,500,DP Greedy,171,14
20,2,0.8,100,DP Greedy,158,14
20,10,0.6,1000,DP Greedy,151,10
20,10,0.6,500,DP Greedy,127,9
20,10,0.6,100,DP Greedy,120,12
20,2,0.6,1000,DP Greedy,165,14
20,2,0.6,500,DP Greedy,152,13
20,2,0.6,100,DP Greedy,170,13
20,10,0.4,1000,DP Greedy,142,10
20,10,0.4,500,DP Greedy,121,12
20,10,0.4,100,DP Greedy,71,14
20,2,0.4,1000,DP Greedy,99,15
20,2,0.4,500,DP Greedy,82,14
20,2,0.4,100,DP Greedy,71,13
20,10,0.2,1000,DP Greedy,17,9
20,10,0.2,500,DP Greedy,43,13
20,10,0.2,100,DP Greedy,46,13
20,2,0.2,1000,DP Greedy,12,5
20,2,0.2,500,DP Greedy,26,13
20,2,0.2,100,DP Greedy,36,10
8,4,0.8,1000,DP Greedy,15,2
8,4,0.8,500,DP Greedy,24,4
8,4,0.8,100,DP Greedy,26,2
8,2,0.8,1000,DP Greedy,19,4
8,2,0.8,500,DP Greedy,32,4
8,2,0.8,100,DP Greedy,25,5
8,4,0.6,1000,DP Greedy,23,3
8,4,0.6,500,DP Greedy,16,4
8,4,0.6,100,DP Greedy,15,3
8,2,0.6,1000,DP Greedy,8,2
8,2,0.6,500,DP Greedy,20,5
8,2,0.6,100,DP Greedy,11,3
8,4,0.4,1000,DP Greedy,0,1
8,4,0.4,500,DP Greedy,5,1
8,4,0.4,100,DP Greedy,8,2
8,2,0.4,1000,DP Greedy,0,0
8,2,0.4,500,DP Greedy,0,0
8,2,0.4,100,DP Greedy,5,3
8,4,0.2,1000,DP Greedy,0,0
8,4,0.2,500,DP Greedy,3,2
8,4,0.2,100,DP Greedy,7,3
8,2,0.2,1000,DP Greedy,0,0
8,2,0.2,500,DP Greedy,0,3
8,2,0.2,100,DP Greedy,5,0
5,2,0.8,1000,DP Greedy,0,0
5,2,0.8,500,DP Greedy,8,2
5,2,0.8,100,DP Greedy,9,2
5,2,0.8,1000,DP Greedy,4,2
5,2,0.8,500,DP Greedy,0,0
5,2,0.8,100,DP Greedy,0,0
5,2,0.6,1000,DP Greedy,0,0
5,2,0.6,500,DP Greedy,0,0
5,2,0.6,100,DP Greedy,1,1
5,2,0.6,1000,DP Greedy,0,0
5,2,0.6,500,DP Greedy,4,2
5,2,0.6,100,DP Greedy,4,1
5,2,0.4,1000,DP Greedy,0,1
5,2,0.4,500,DP Greedy,0,2
5,2,0.4,100,DP Greedy,6,2
5,2,0.4,1000,DP Greedy,0,0
5,2,0.4,500,DP Greedy,0,0
5,2,0.4,100,DP Greedy,4,1
5,2,0.2,1000,DP Greedy,0,0
5,2,0.2,500,DP Greedy,1,0
5,2,0.2,100,DP Greedy,1,2
5,2,0.2,1000,DP Greedy,0,0
5,2,0.2,500,DP Greedy,1,0
5,2,0.2,100,DP Greedy,2,2
20,10,0.8,1000,DP Greedy,197,11
20,10,0.8,500,DP Greedy,193,11
20,10,0.8,100,DP Greedy,157,10
20,2,0.8,1000,DP Greedy,157,12
20,2,0.8,500,DP Greedy,184,16
20,2,0.8,100,DP Greedy,177,14
20,10,0.6,1000,DP Greedy,130,10
20,10,0.6,500,DP Greedy,150,11
20,10,0.6,100,DP Greedy,162,11
20,2,0.6,1000,DP Greedy,149,14
20,2,0.6,500,DP Greedy,157,15
20,2,0.6,100,DP Greedy,156,13
20,10,0.4,1000,DP Greedy,112,12
20,10,0.4,500,DP Greedy,97,11
20,10,0.4,100,DP Greedy,68,11
20,2,0.4,1000,DP Greedy,114,14
20,2,0.4,500,DP Greedy,135,15
20,2,0.4,100,DP Greedy,103,12
20,10,0.2,1000,DP Greedy,33,10
20,10,0.2,500,DP Greedy,33,9
20,10,0.2,100,DP Greedy,38,13
20,2,0.2,1000,DP Greedy,43,12
20,2,0.2,500,DP Greedy,16,6
20,2,0.2,100,DP Greedy,43,11
8,4,0.8,1000,DP Greedy,29,4
8,4,0.8,500,DP Greedy,29,3
8,4,0.8,100,DP Greedy,31,3
8,2,0.8,1000,DP Greedy,12,3
8,2,0.8,500,DP Greedy,29,5
8,2,0.8,100,DP Greedy,15,3
8,4,0.6,1000,DP Greedy,8,3
8,4,0.6,500,DP Greedy,6,4
8,4,0.6,100,DP Greedy,10,2
8,2,0.6,1000,DP Greedy,21,4
8,2,0.6,500,DP Greedy,15,3
8,2,0.6,100,DP Greedy,12,3
8,4,0.4,1000,DP Greedy,2,0
8,4,0.4,500,DP Greedy,18,3
8,4,0.4,100,DP Greedy,15,2
8,2,0.4,1000,DP Greedy,0,0
8,2,0.4,500,DP Greedy,4,1
8,2,0.4,100,DP Greedy,10,2
8,4,0.2,1000,DP Greedy,0,2
8,4,0.2,500,DP Greedy,2,2
8,4,0.2,100,DP Greedy,3,2
8,2,0.2,1000,DP Greedy,5,2
8,2,0.2,500,DP Greedy,0,0
8,2,0.2,100,DP Greedy,3,2
5,2,0.8,1000,DP Greedy,8,2
5,2,0.8,500,DP Greedy,0,1
5,2,0.8,100,DP Greedy,5,2
5,2,0.8,1000,DP Greedy,0,0
5,2,0.8,500,DP Greedy,0,0
5,2,0.8,100,DP Greedy,0,0
5,2,0.6,1000,DP Greedy,2,0
5,2,0.6,500,DP Greedy,4,2
5,2,0.6,100,DP Greedy,5,0
5,2,0.6,1000,DP Greedy,0,0
5,2,0.6,500,DP Greedy,0,0
5,2,0.6,100,DP Greedy,5,2
5,2,0.4,1000,DP Greedy,3,2
5,2,0.4,500,DP Greedy,2,2
5,2,0.4,100,DP Greedy,5,2
5,2,0.4,1000,DP Greedy,0,0
5,2,0.4,500,DP Greedy,3,0
5,2,0.4,100,DP Greedy,0,0
5,2,0.2,1000,DP Greedy,0,0
5,2,0.2,500,DP Greedy,2,1
5,2,0.2,100,DP Greedy,1,0
5,2,0.2,1000,DP Greedy,0,0
5,2,0.2,500,DP Greedy,2,2
5,2,0.2,100,DP Greedy,2,2
20,10,0.8,1000,DP Greedy,171,10
20,10,0.8,500,DP Greedy,156,11
20,10,0.8,100,DP Greedy,152,10
20,2,0.8,1000,DP Greedy,160,15
20,2,0.8,500,DP Greedy,196,15
20,2,0.8,100,DP Greedy,153,13
20,10,0.6,1000,DP Greedy,176,10
20,10,0.6,500,DP Greedy,177,9
20,10,0.6,100,DP Greedy,119,12
20,2,0.6,1000,DP Greedy,164,16
20,2,0.6,500,DP Greedy,170,15
20,2,0.6,100,DP Greedy,160,13
20,10,0.4,1000,DP Greedy,128,10
20,10,0.4,500,DP Greedy,112,13
20,10,0.4,100,DP Greedy,113,12
20,2,0.4,1000,DP Greedy,31,8
20,2,0.4,500,DP Greedy,81,13
20,2,0.4,100,DP Greedy,81,11
20,10,0.2,1000,DP Greedy,30,9
20,10,0.2,500,DP Greedy,30,10
20,10,0.2,100,DP Greedy,46,11
20,2,0.2,1000,DP Greedy,2,4
20,2,0.2,500,DP Greedy,3,7
20,2,0.2,100,DP Greedy,24,10
8,4,0.8,1000,DP Greedy,23,4
8,4,0.8,500,DP Greedy,25,4
8,4,0.8,100,DP Greedy,37,4
8,2,0.8,1000,DP Greedy,28,4
8,2,0.8,500,DP Greedy,12,4
8,2,0.8,100,DP Greedy,22,4
8,4,0.6,1000,DP Greedy,6,2
8,4,0.6,500,DP Greedy,6,3
8,4,0.6,100,DP Greedy,20,2
8,2,0.6,1000,DP Greedy,22,4
8,2,0.6,500,DP Greedy,12,5
8,2,0.6,100,DP Greedy,16,3
8,4,0.4,1000,DP Greedy,6,2
8,4,0.4,500,DP Greedy,0,0
8,4,0.4,100,DP Greedy,9,2
8,2,0.4,1000,DP Greedy,9,3
8,2,0.4,500,DP Greedy,4,4
8,2,0.4,100,DP Greedy,16,2
8,4,0.2,1000,DP Greedy,0,0
8,4,0.2,500,DP Greedy,0,0
8,4,0.2,100,DP Greedy,2,0
8,2,0.2,1000,DP Greedy,0,0
8,2,0.2,500,DP Greedy,3,0
8,2,0.2,100,DP Greedy,0,1
5,2,0.8,1000,DP Greedy,13,3
5,2,0.8,500,DP Greedy,10,1
5,2,0.8,100,DP Greedy,10,1
5,2,0.8,1000,DP Greedy,2,1
5,2,0.8,500,DP Greedy,2,1
5,2,0.8,100,DP Greedy,8,2
5,2,0.6,1000,DP Greedy,0,0
5,2,0.6,500,DP Greedy,0,0
5,2,0.6,100,DP Greedy,9,2
5,2,0.6,1000,DP Greedy,0,0
5,2,0.6,500,DP Greedy,0,0
5,2,0.6,100,DP Greedy,7,2
5,2,0.4,1000,DP Greedy,0,0
5,2,0.4,500,DP Greedy,0,0
5,2,0.4,100,DP Greedy,1,2
5,2,0.4,1000,DP Greedy,0,0
5,2,0.4,500,DP Greedy,0,0
5,2,0.4,100,DP Greedy,0,2
5,2,0.2,1000,DP Greedy,0,0
5,2,0.2,500,DP Greedy,0,1
5,2,0.2,100,DP Greedy,0,1
5,2,0.2,1000,DP Greedy,0,0
5,2,0.2,500,DP Greedy,1,2
5,2,0.2,100,DP Greedy,2,2
20,10,0.8,1000,DP Greedy,160,10
20,10,0.8,500,DP Greedy,199,11
20,10,0.8,100,DP Greedy,172,11
20,2,0.8,1000,DP Greedy,168,16
20,2,0.8,500,DP Greedy,187,15
20,2,0.8,100,DP Greedy,174,15
20,10,0.6,1000,DP Greedy,145,10
20,10,0.6,500,DP Greedy,137,9
20,10,0.6,100,DP Greedy,137,10
20,2,0.6,1000,DP Greedy,145,15
20,2,0.6,500,DP Greedy,131,13
20,2,0.6,100,DP Greedy,145,14
20,10,0.4,1000,DP Greedy,121,10
20,10,0.4,500,DP Greedy,97,10
20,10,0.4,100,DP Greedy,105,14
20,2,0.4,1000,DP Greedy,136,15
20,2,0.4,500,DP Greedy,104,14
20,2,0.4,100,DP Greedy,121,11
20,10,0.2,1000,DP Greedy,40,11
20,10,0.2,500,DP Greedy,48,9
20,10,0.2,100,DP Greedy,40,12
20,2,0.2,1000,DP Greedy,46,10
20,2,0.2,500,DP Greedy,40,7
20,2,0.2,100,DP Greedy,58,14
8,4,0.8,1000,DP Greedy,35,4
8,4,0.8,500,DP Greedy,40,4
8,4,0.8,100,DP Greedy,33,3
8,2,0.8,1000,DP Greedy,34,5
8,2,0.8,500,DP Greedy,29,4
8,2,0.8,100,DP Greedy,19,5
8,4,0.6,1000,DP Greedy,11,3
8,4,0.6,500,DP Greedy,28,1
8,4,0.6,100,DP Greedy,21,2
8,2,0.6,1000,DP Greedy,8,3
8,2,0.6,500,DP Greedy,16,4
8,2,0.6,100,DP Greedy,18,4
8,4,0.4,1000,DP Greedy,6,1
8,4,0.4,500,DP Greedy,0,0
8,4,0.4,100,DP Greedy,17,3
8,2,0.4,1000,DP Greedy,3,0
8,2,0.4,500,DP Greedy,5,2
8,2,0.4,100,DP Greedy,1,0
8,4,0.2,1000,DP Greedy,3,2
8,4,0.2,500,DP Greedy,0,3
8,4,0.2,100,DP Greedy,0,3
8,2,0.2,1000,DP Greedy,0,0
8,2,0.2,500,DP Greedy,0,0
8,2,0.2,100,DP Greedy,4,2
5,2,0.8,1000,DP Greedy,6,3
5,2,0.8,500,DP Greedy,6,1
5,2,0.8,100,DP Greedy,6,1
5,2,0.8,1000,DP Greedy,0,0
5,2,0.8,500,DP Greedy,0,0
5,2,0.8,100,DP Greedy,3,2
5,2,0.6,1000,DP Greedy,3,0
5,2,0.6,500,DP Greedy,7,1
5,2,0.6,100,DP Greedy,4,1
5,2,0.6,1000,DP Greedy,0,0
5,2,0.6,500,DP Greedy,10,2
5,2,0.6,100,DP Greedy,4,2
5,2,0.4,1000,DP Greedy,0,0
5,2,0.4,500,DP Greedy,0,0
5,2,0.4,100,DP Greedy,5,0
5,2,0.4,1000,DP Greedy,0,2
5,2,0.4,500,DP Greedy,0,2
5,2,0.4,100,DP Greedy,3,2
5,2,0.2,1000,DP Greedy,0,0
5,2,0.2,500,DP Greedy,1,0
5,2,0.2,100,DP Greedy,1,0
5,2,0.2,1000,DP Greedy,2,0
5,2,0.2,500,DP Greedy,2,0
5,2,0.2,100,DP Greedy,2,0
20,10,0.8,1000,DP Greedy,184,11
20,10,0.8,500,DP Greedy,169,11
20,10,0.8,100,DP Greedy,196,12
20,2,0.8,1000,DP Greedy,169,14
20,2,0.8,500,DP Greedy,206,16
20,2,0.8,100,DP Greedy,172,13
20,10,0.6,1000,DP Greedy,168,10
20,10,0.6,500,DP Greedy,154,11
20,10,0.6,100,DP Greedy,166,11
20,2,0.6,1000,DP Greedy,168,15
20,2,0.6,500,DP Greedy,190,14
20,2,0.6,100,DP Greedy,147,16
20,10,0.4,1000,DP Greedy,109,10
20,10,0.4,500,DP Greedy,84,8
20,10,0.4,100,DP Greedy,78,12
20,2,0.4,1000,DP Greedy,122,12
20,2,0.4,500,DP Greedy,112,14
20,2,0.4,100,DP Greedy,60,10
20,10,0.2,1000,DP Greedy,59,9
20,10,0.2,500,DP Greedy,47,10
20,10,0.2,100,DP Greedy,40,10
20,2,0.2,1000,DP Greedy,25,8
20,2,0.2,500,DP Greedy,7,7
20,2,0.2,100,DP Greedy,19,4
8,4,0.8,1000,DP Greedy,4,1
8,4,0.8,500,DP Greedy,24,4
8,4,0.8,100,DP Greedy,28,4
8,2,0.8,1000,DP Greedy,30,6
8,2,0.8,500,DP Greedy,21,4
8,2,0.8,100,DP Greedy,13,3
8,4,0.6,1000,DP Greedy,0,3
8,4,0.6,500,DP Greedy,8,2
8,4,0.6,100,DP Greedy,28,4
8,2,0.6,1000,DP Greedy,4,2
8,2,0.6,500,DP Greedy,7,3
8,2,0.6,100,DP Greedy,10,3
8,4,0.4,1000,DP Greedy,5,0
8,4,0.4,500,DP Greedy,19,5
8,4,0.4,100,DP Greedy,18,4
8,2,0.4,1000,DP Greedy,10,3
8,2,0.4,500,DP Greedy,10,4
8,2,0.4,100,DP Greedy,12,3
8,4,0.2,1000,DP Greedy,1,1
8,4,0.2,500,DP Greedy,4,3
8,4,0.2,100,DP Greedy,5,2
8,2,0.2,1000,DP Greedy,0,0
8,2,0.2,500,DP Greedy,1,0
8,2,0.2,100,DP Greedy,2,1
5,2,0.8,1000,DP Greedy,4,2
5,2,0.8,500,DP Greedy,8,0
5,2,0.8,100,DP Greedy,7,0
5,2,0.8,1000,DP Greedy,9,2
5,2,0.8,500,DP Greedy,0,0
5,2,0.8,100,DP Greedy,10,2
5,2,0.6,1000,DP Greedy,6,2
5,2,0.6,500,DP Greedy,9,1
5,2,0.6,100,DP Greedy,3,2
5,2,0.6,1000,DP Greedy,0,2
5,2,0.6,500,DP Greedy,0,1
5,2,0.6,100,DP Greedy,2,2
5,2,0.4,1000,DP Greedy,0,0
5,2,0.4,500,DP Greedy,0,0
5,2,0.4,100,DP Greedy,1,0
5,2,0.4,1000,DP Greedy,2,0
5,2,0.4,500,DP Greedy,0,0
5,2,0.4,100,DP Greedy,3,1
5,2,0.2,1000,DP Greedy,0,2
5,2,0.2,500,DP Greedy,0,2
5,2,0.2,100,DP Greedy,3,2
5,2,0.2,1000,DP Greedy,0,0
5,2,0.2,500,DP Greedy,1,0
5,2,0.2,100,DP Greedy,5,2
20,10,0.8,1000,DP Greedy,134,11
20,10,0.8,500,DP Greedy,161,9
20,10,0.8,100,DP Greedy,164,10
20,2,0.8,1000,DP Greedy,142,15
20,2,0.8,500,DP Greedy,183,16
20,2,0.8,100,DP Greedy,161,13
20,10,0.6,1000,DP Greedy,195,10
20,10,0.6,500,DP Greedy,150,9
20,10,0.6,100,DP Greedy,137,10
20,2,0.6,1000,DP Greedy,162,17
20,2,0.6,500,DP Greedy,155,15
20,2,0.6,100,DP Greedy,153,12
20,10,0.4,1000,DP Greedy,149,9
20,10,0.4,500,DP Greedy,119,9
20,10,0.4,100,DP Greedy,135,9
20,2,0.4,1000,DP Greedy,114,14
20,2,0.4,500,DP Greedy,90,14
20,2,0.4,100,DP Greedy,110,11
20,10,0.2,1000,DP Greedy,57,9
20,10,0.2,500,DP Greedy,45,9
20,10,0.2,100,DP Greedy,42,12
20,2,0.2,1000,DP Greedy,58,15
20,2,0.2,500,DP Greedy,33,10
20,2,0.2,100,DP Greedy,29,8
8,4,0.8,1000,DP Greedy,11,2
8,4,0.8,500,DP Greedy,12,2
8,4,0.8,100,DP Greedy,19,2
8,2,0.8,1000,DP Greedy,21,3
8,2,0.8,500,DP Greedy,17,5
8,2,0.8,100,DP Greedy,29,4
8,4,0.6,1000,DP Greedy,11,3
8,4,0.6,500,DP Greedy,13,3
8,4,0.6,100,DP Greedy,8,4
8,2,0.6,1000,DP Greedy,0,3
8,2,0.6,500,DP Greedy,0,3
8,2,0.6,100,DP Greedy,17,2
8,4,0.4,1000,DP Greedy,15,3
8,4,0.4,500,DP Greedy,17,4
8,4,0.4,100,DP Greedy,9,3
8,2,0.4,1000,DP Greedy,0,0
8,2,0.4,500,DP Greedy,0,1
8,2,0.4,100,DP Greedy,0,0
8,4,0.2,1000,DP Greedy,2,4
8,4,0.2,500,DP Greedy,3,5
8,4,0.2,100,DP Greedy,1,5
8,2,0.2,1000,DP Greedy,0,3
8,2,0.2,500,DP Greedy,0,3
8,2,0.2,100,DP Greedy,1,3
5,2,0.8,1000,DP Greedy,1,0
5,2,0.8,500,DP Greedy,0,0
5,2,0.8,100,DP Greedy,6,2
5,2,0.8,1000,DP Greedy,0,0
5,2,0.8,500,DP Greedy,4,1
5,2,0.8,100,DP Greedy,4,1
5,2,0.6,1000,DP Greedy,0,0
5,2,0.6,500,DP Greedy,0,0
5,2,0.6,100,DP Greedy,0,0
5,2,0.6,1000,DP Greedy,0,0
5,2,0.6,500,DP Greedy,6,0
5,2,0.6,100,DP Greedy,0,0
5,2,0.4,1000,DP Greedy,0,0
5,2,0.4,500,DP Greedy,2,0
5,2,0.4,100,DP Greedy,0,0
5,2,0.4,1000,DP Greedy,2,0
5,2,0.4,500,DP Greedy,0,0
5,2,0.4,100,DP Greedy,1,0
5,2,0.2,1000,DP Greedy,0,0
5,2,0.2,500,DP Greedy,0,0
5,2,0.2,100,DP Greedy,1,0
5,2,0.2,1000,DP Greedy,0,0
5,2,0.2,500,DP Greedy,0,0
5,2,0.2,100,DP Greedy,0,2
20,10,0.8,1000,DP Greedy,158,10
20,10,0.8,500,DP Greedy,229,8
20,10,0.8,100,DP Greedy,187,11
20,2,0.8,1000,DP Greedy,164,16
20,2,0.8,500,DP Greedy,171,14
20,2,0.8,100,DP Greedy,186,14
20,10,0.6,1000,DP Greedy,134,10
20,10,0.6,500,DP Greedy,144,11
20,10,0.6,100,DP Greedy,118,12
20,2,0.6,1000,DP Greedy,154,14
20,2,0.6,500,DP Greedy,141,15
20,2,0.6,100,DP Greedy,102,11
20,10,0.4,1000,DP Greedy,142,11
20,10,0.4,500,DP Greedy,135,11
20,10,0.4,100,DP Greedy,77,12
20,2,0.4,1000,DP Greedy,119,15
20,2,0.4,500,DP Greedy,81,11
20,2,0.4,100,DP Greedy,89,14
20,10,0.2,1000,DP Greedy,15,7
20,10,0.2,500,DP Greedy,34,11
20,10,0.2,100,DP Greedy,44,10
20,2,0.2,1000,DP Greedy,22,5
20,2,0.2,500,DP Greedy,24,6
20,2,0.2,100,DP Greedy,31,6
8,4,0.8,1000,DP Greedy,28,2
8,4,0.8,500,DP Greedy,17,4
8,4,0.8,100,DP Greedy,25,4
8,2,0.8,1000,DP Greedy,24,4
8,2,0.8,500,DP Greedy,23,3
8,2,0.8,100,DP Greedy,21,2
8,4,0.6,1000,DP Greedy,12,4
8,4,0.6,500,DP Greedy,16,4
8,4,0.6,100,DP Greedy,6,2
8,2,0.6,1000,DP Greedy,9,2
8,2,0.6,500,DP Greedy,10,3
8,2,0.6,100,DP Greedy,16,0
8,4,0.4,1000,DP Greedy,12,2
8,4,0.4,500,DP Greedy,0,2
8,4,0.4,100,DP Greedy,4,4
8,2,0.4,1000,DP Greedy,0,0
8,2,0.4,500,DP Greedy,6,3
8,2,0.4,100,DP Greedy,13,3
8,4,0.2,1000,DP Greedy,2,2
8,4,0.2,500,DP Greedy,0,2
8,4,0.2,100,DP Greedy,2,4
8,2,0.2,1000,DP Greedy,0,2
8,2,0.2,500,DP Greedy,10,2
8,2,0.2,100,DP Greedy,13,3
5,2,0.8,1000,DP Greedy,0,0
5,2,0.8,500,DP Greedy,4,1
5,2,0.8,100,DP Greedy,5,2
5,2,0.8,1000,DP Greedy,8,3
5,2,0.8,500,DP Greedy,9,2
5,2,0.8,100,DP Greedy,0,0
5,2,0.6,1000,DP Greedy,0,0
5,2,0.6,500,DP Greedy,0,0
5,2,0.6,100,DP Greedy,3,1
5,2,0.6,1000,DP Greedy,5,3
5,2,0.6,500,DP Greedy,5,3
5,2,0.6,100,DP Greedy,7,1
5,2,0.4,1000,DP Greedy,2,2
5,2,0.4,500,DP Greedy,3,2
5,2,0.4,100,DP Greedy,4,1
5,2,0.4,1000,DP Greedy,0,2
5,2,0.4,500,DP Greedy,0,2
5,2,0.4,100,DP Greedy,1,2
5,2,0.2,1000,DP Greedy,0,0
5,2,0.2,500,DP Greedy,0,0
5,2,0.2,100,DP Greedy,0,2
5,2,0.2,1000,DP Greedy,0,0
5,2,0.2,500,DP Greedy,0,0
5,2,0.2,100,DP Greedy,3,2
20,10,0.8,1000,DP Greedy,226,12
20,10,0.8,500,DP Greedy,197,13
20,10,0.8,100,DP Greedy,173,10
20,2,0.8,1000,DP Greedy,194,16
20,2,0.8,500,DP Greedy,220,15
20,2,0.8,100,DP Greedy,172,14
20,10,0.6,1000,DP Greedy,139,10
20,10,0.6,500,DP Greedy,150,8
20,10,0.6,100,DP Greedy,147,9
20,2,0.6,1000,DP Greedy,178,16
20,2,0.6,500,DP Greedy,126,14
20,2,0.6,100,DP Greedy,159,15
20,10,0.4,1000,DP Greedy,117,9
20,10,0.4,500,DP Greedy,107,10
20,10,0.4,100,DP Greedy,127,12
20,2,0.4,1000,DP Greedy,97,15
20,2,0.4,500,DP Greedy,119,13
20,2,0.4,100,DP Greedy,140,15
20,10,0.2,1000,DP Greedy,15,3
20,10,0.2,500,DP Greedy,19,9
20,10,0.2,100,DP Greedy,36,10
20,2,0.2,1000,DP Greedy,7,10
20,2,0.2,500,DP Greedy,2,0
20,2,0.2,100,DP Greedy,28,11
8,4,0.8,1000,DP Greedy,20,4
8,4,0.8,500,DP Greedy,14,4
8,4,0.8,100,DP Greedy,30,3
8,2,0.8,1000,DP Greedy,2,1
8,2,0.8,500,DP Greedy,30,4
8,2,0.8,100,DP Greedy,20,4
8,4,0.6,1000,DP Greedy,9,2
8,4,0.6,500,DP Greedy,25,4
8,4,0.6,100,DP Greedy,7,3
8,2,0.6,1000,DP Greedy,11,3
8,2,0.6,500,DP Greedy,13,5
8,2,0.6,100,DP Greedy,9,2
8,4,0.4,1000,DP Greedy,16,4
8,4,0.4,500,DP Greedy,0,2
8,4,0.4,100,DP Greedy,13,3
8,2,0.4,1000,DP Greedy,12,3
8,2,0.4,500,DP Greedy,5,0
8,2,0.4,100,DP Greedy,7,4
8,4,0.2,1000,DP Greedy,0,0
8,4,0.2,500,DP Greedy,2,1
8,4,0.2,100,DP Greedy,5,2
8,2,0.2,1000,DP Greedy,1,0
8,2,0.2,500,DP Greedy,2,0
8,2,0.2,100,DP Greedy,5,0
5,2,0.8,1000,DP Greedy,10,2
5,2,0.8,500,DP Greedy,5,3
5,2,0.8,100,DP Greedy,10,2
5,2,0.8,1000,DP Greedy,11,3
5,2,0.8,500,DP Greedy,13,3
5,2,0.8,100,DP Greedy,5,1
5,2,0.6,1000,DP Greedy,4,1
5,2,0.6,500,DP Greedy,0,0
5,2,0.6,100,DP Greedy,0,1
5,2,0.6,1000,DP Greedy,4,0
5,2,0.6,500,DP Greedy,5,0
5,2,0.6,100,DP Greedy,3,0
5,2,0.4,1000,DP Greedy,0,0
5,2,0.4,500,DP Greedy,2,1
5,2,0.4,100,DP Greedy,3,1
5,2,0.4,1000,DP Greedy,0,0
5,2,0.4,500,DP Greedy,0,1
5,2,0.4,100,DP Greedy,6,0
5,2,0.2,1000,DP Greedy,0,0
5,2,0.2,500,DP Greedy,0,0
5,2,0.2,100,DP Greedy,2,0
5,2,0.2,1000,DP Greedy,2,2
5,2,0.2,500,DP Greedy,1,0
5,2,0.2,100,DP Greedy,0,0
20,10,0.8,1000,DP Greedy,169,11
20,10,0.8,500,DP Greedy,144,10
20,10,0.8,100,DP Greedy,153,9
20,2,0.8,1000,DP Greedy,155,15
20,2,0.8,500,DP Greedy,198,16
20,2,0.8,100,DP Greedy,167,15
20,10,0.6,1000,DP Greedy,164,12
20,10,0.6,500,DP Greedy,126,10
20,10,0.6,100,DP Greedy,148,11
20,2,0.6,1000,DP Greedy,143,14
20,2,0.6,500,DP Greedy,115,15
20,2,0.6,100,DP Greedy,133,14
20,10,0.4,1000,DP Greedy,108,11
20,10,0.4,500,DP Greedy,141,10
20,10,0.4,100,DP Greedy,100,13
20,2,0.4,1000,DP Greedy,80,15
20,2,0.4,500,DP Greedy,88,13
20,2,0.4,100,DP Greedy,73,13
20,10,0.2,1000,DP Greedy,7,6
20,10,0.2,500,DP Greedy,28,8
20,10,0.2,100,DP Greedy,38,11
20,2,0.2,1000,DP Greedy,46,14
20,2,0.2,500,DP Greedy,75,13
20,2,0.2,100,DP Greedy,46,10
8,4,0.8,1000,DP Greedy,11,3
8,4,0.8,500,DP Greedy,25,4
8,4,0.8,100,DP Greedy,25,4
8,2,0.8,1000,DP Greedy,2,3
8,2,0.8,500,DP Greedy,25,5
8,2,0.8,100,DP Greedy,18,3
8,4,0.6,1000,DP Greedy,25,1
8,4,0.6,500,DP Greedy,28,4
8,4,0.6,100,DP Greedy,7,0
8,2,0.6,1000,DP Greedy,7,3
8,2,0.6,500,DP Greedy,0,0
8,2,0.6,100,DP Greedy,10,1
8,4,0.4,1000,DP Greedy,9,3
8,4,0.4,500,DP Greedy,1,0
8,4,0.4,100,DP Greedy,8,1
8,2,0.4,1000,DP Greedy,0,0
8,2,0.4,500,DP Greedy,0,0
8,2,0.4,100,DP Greedy,11,5
8,4,0.2,1000,DP Greedy,0,1
8,4,0.2,500,DP Greedy,0,1
8,4,0.2,100,DP Greedy,3,1
8,2,0.2,1000,DP Greedy,0,0
8,2,0.2,500,DP Greedy,0,0
8,2,0.2,100,DP Greedy,3,2
5,2,0.8,1000,DP Greedy,0,0
5,2,0.8,500,DP Greedy,0,0
5,2,0.8,100,DP Greedy,4,0
5,2,0.8,1000,DP Greedy,13,3
5,2,0.8,500,DP Greedy,9,3
5,2,0.8,100,DP Greedy,12,3
5,2,0.6,1000,DP Greedy,0,2
5,2,0.6,500,DP Greedy,0,2
5,2,0.6,100,DP Greedy,10,2
5,2,0.6,1000,DP Greedy,0,0
5,2,0.6,500,DP Greedy,0,0
5,2,0.6,100,DP Greedy,1,0
5,2,0.4,1000,DP Greedy,0,0
5,2,0.4,500,DP Greedy,0,0
5,2,0.4,100,DP Greedy,1,0
5,2,0.4,1000,DP Greedy,0,0
5,2,0.4,500,DP Greedy,0,0
5,2,0.4,100,DP Greedy,0,0
5,2,0.2,1000,DP Greedy,0,0
5,2,0.2,500,DP Greedy,0,0
5,2,0.2,100,DP Greedy,1,1
5,2,0.2,1000,DP Greedy,0,0
5,2,0.2,500,DP Greedy,0,0
5,2,0.2,100,DP Greedy,0,0
20,10,0.8,1000,DP Greedy,178,11
20,10,0.8,500,DP Greedy,194,11
20,10,0.8,100,DP Greedy,177,10
20,2,0.8,1000,DP Greedy,186,16
20,2,0.8,500,DP Greedy,163,13
20,2,0.8,100,DP Greedy,163,13
20,10,0.6,1000,DP Greedy,167,10
20,10,0.6,500,DP Greedy,113,11
20,10,0.6,100,DP Greedy,138,11
20,2,0.6,1000,DP Greedy,169,16
20,2,0.6,500,DP Greedy,145,15
20,2,0.6,100,DP Greedy,127,11
20,10,0.4,1000,DP Greedy,93,12
20,10,0.4,500,DP Greedy,74,11
20,10,0.4,100,DP Greedy,85,13
20,2,0.4,1000,DP Greedy,123,14
20,2,0.4,500,DP Greedy,95,15
20,2,0.4,100,DP Greedy,77,11
20,10,0.2,1000,DP Greedy,0,11
20,10,0.2,500,DP Greedy,16,10
20,10,0.2,100,DP Greedy,31,13
20,2,0.2,1000,DP Greedy,16,9
20,2,0.2,500,DP Greedy,35,12
20,2,0.2,100,DP Greedy,41,11
8,4,0.8,1000,DP Greedy,23,3
8,4,0.8,500,DP Greedy,19,3
8,4,0.8,100,DP Greedy,28,3
8,2,0.8,1000,DP Greedy,16,4
8,2,0.8,500,DP Greedy,0,1
8,2,0.8,100,DP Greedy,24,4
8,4,0.6,1000,DP Greedy,15,3
8,4,0.6,500,DP Greedy,8,3
8,4,0.6,100,DP Greedy,13,3
8,2,0.6,1000,DP Greedy,16,5
8,2,0.6,500,DP Greedy,7,4
8,2,0.6,100,DP Greedy,25,5
8,4,0.4,1000,DP Greedy,9,3
8,4,0.4,500,DP Greedy,9,5
8,4,0.4,100,DP Greedy,16,3
8,2,0.4,1000,DP Greedy,0,1
8,2,0.4,500,DP Greedy,10,3
8,2,0.4,100,DP Greedy,16,3
8,4,0.2,1000,DP Greedy,10,3
8,4,0.2,500,DP Greedy,0,1
8,4,0.2,100,DP Greedy,2,1
8,2,0.2,1000,DP Greedy,0,0
8,2,0.2,500,DP Greedy,5,1
8,2,0.2,100,DP Greedy,2,3
5,2,0.8,1000,DP Greedy,0,0
5,2,0.8,500,DP Greedy,10,3
5,2,0.8,100,DP Greedy,2,0
5,2,0.8,1000,DP Greedy,0,0
5,2,0.8,500,DP Greedy,7,2
5,2,0.8,100,DP Greedy,3,2
5,2,0.6,1000,DP Greedy,0,0
5,2,0.6,500,DP Greedy,0,0
5,2,0.6,100,DP Greedy,0,1
5,2,0.6,1000,DP Greedy,0,2
5,2,0.6,500,DP Greedy,1,2
5,2,0.6,100,DP Greedy,2,2
5,2,0.4,1000,DP Greedy,0,0
5,2,0.4,500,DP Greedy,0,0
5,2,0.4,100,DP Greedy,0,0
5,2,0.4,1000,DP Greedy,0,0
5,2,0.4,500,DP Greedy,3,0
5,2,0.4,100,DP Greedy,0,1
5,2,0.2,1000,DP Greedy,0,0
5,2,0.2,500,DP Greedy,0,0
5,2,0.2,100,DP Greedy,0,1
5,2,0.2,1000,DP Greedy,1,0
5,2,0.2,500,DP Greedy,1,0
5,2,0.2,100,DP Greedy,0,1
20,10,0.8,1000,DP Greedy,140,9
20,10,0.8,500,DP Greedy,197,9
20,10,0.8,100,DP Greedy,167,11
20,2,0.8,1000,DP Greedy,181,15
20,2,0.8,500,DP Greedy,209,16
20,2,0.8,100,DP Greedy,164,13
20,10,0.6,1000,DP Greedy,183,8
20,10,0.6,500,DP Greedy,160,10
20,10,0.6,100,DP Greedy,155,11
20,2,0.6,1000,DP Greedy,188,15
20,2,0.6,500,DP Greedy,169,15
20,2,0.6,100,DP Greedy,149,14
20,10,0.4,1000,DP Greedy,117,11
20,10,0.4,500,DP Greedy,100,10
20,10,0.4,100,DP Greedy,97,12
20,2,0.4,1000,DP Greedy,174,16
20,2,0.4,500,DP Greedy,132,14
20,2,0.4,100,DP Greedy,137,12
20,10,0.2,1000,DP Greedy,38,8
20,10,0.2,500,DP Greedy,56,11
20,10,0.2,100,DP Greedy,50,11
20,2,0.2,1000,DP Greedy,22,11
20,2,0.2,500,DP Greedy,44,9
20,2,0.2,100,DP Greedy,26,8
8,4,0.8,1000,DP Greedy,21,4
8,4,0.8,500,DP Greedy,0,3
8,4,0.8,100,DP Greedy,32,3
8,2,0.8,1000,DP Greedy,16,4
8,2,0.8,500,DP Greedy,20,5
8,2,0.8,100,DP Greedy,16,4
8,4,0.6,1000,DP Greedy,23,4
8,4,0.6,500,DP Greedy,19,4
8,4,0.6,100,DP Greedy,18,2
8,2,0.6,1000,DP Greedy,16,4
8,2,0.6,500,DP Greedy,26,4
8,2,0.6,100,DP Greedy,1,3
8,4,0.4,1000,DP Greedy,2,5
8,4,0.4,500,DP Greedy,5,4
8,4,0.4,100,DP Greedy,10,4
8,2,0.4,1000,DP Greedy,3,1
8,2,0.4,500,DP Greedy,0,0
8,2,0.4,100,DP Greedy,7,0
8,4,0.2,1000,DP Greedy,0,2
8,4,0.2,500,DP Greedy,3,3
8,4,0.2,100,DP Greedy,5,4
8,2,0.2,1000,DP Greedy,0,2
8,2,0.2,500,DP Greedy,0,0
8,2,0.2,100,DP Greedy,1,3
5,2,0.8,1000,DP Greedy,7,1
5,2,0.8,500,DP Greedy,4,1
5,2,0.8,100,DP Greedy,6,1
5,2,0.8,1000,DP Greedy,0,1
5,2,0.8,500,DP Greedy,3,2
5,2,0.8,100,DP Greedy,4,2
5,2,0.6,1000,DP Greedy,0,0
5,2,0.6,500,DP Greedy,0,1
5,2,0.6,100,DP Greedy,5,1
5,2,0.6,1000,DP Greedy,0,0
5,2,0.6,500,DP Greedy,2,1
5,2,0.6,100,DP Greedy,6,3
5,2,0.4,1000,DP Greedy,0,0
5,2,0.4,500,DP Greedy,0,0
5,2,0.4,100,DP Greedy,1,0
5,2,0.4,1000,DP Greedy,0,0
5,2,0.4,500,DP Greedy,5,1
5,2,0.4,100,DP Greedy,5,2
5,2,0.2,1000,DP Greedy,0,0
5,2,0.2,500,DP Greedy,1,0
5,2,0.2,100,DP Greedy,0,0
5,2,0.2,1000,DP Greedy,0,0
5,2,0.2,500,DP Greedy,0,0
5,2,0.2,100,DP Greedy,1,1
20,10,0.8,1000,DP Greedy,155,11
20,10,0.8,500,DP Greedy,149,12
20,10,0.8,100,DP Greedy,179,11
20,2,0.8,1000,DP Greedy,142,16
20,2,0.8,500,DP Greedy,191,15
20,2,0.8,100,DP Greedy,129,14
20,10,0.6,1000,DP Greedy,150,11
20,10,0.6,500,DP Greedy,152,10
20,10,0.6,100,DP Greedy,156,8
20,2,0.6,1000,DP Greedy,130,14
20,2,0.6,500,DP Greedy,162,14
20,2,0.6,100,DP Greedy,154,15
20,10,0.4,1000,DP Greedy,98,10
20,10,0.4,500,DP Greedy,103,10
20,10,0.4,100,DP Greedy,89,11
20,2,0.4,1000,DP Greedy,105,14
20,2,0.4,500,DP Greedy,111,13
20,2,0.4,100,DP Greedy,113,14
20,10,0.2,1000,DP Greedy,15,9
20,10,0.2,500,DP Greedy,19,11
20,10,0.2,100,DP Greedy,36,9
20,2,0.2,1000,DP Greedy,30,12
20,2,0.2,500,DP Greedy,66,13
20,2,0.2,100,DP Greedy,38,11
8,4,0.8,1000,DP Greedy,16,4
8,4,0.8,500,DP Greedy,7,3
8,4,0.8,100,DP Greedy,11,2
8,2,0.8,1000,DP Greedy,27,4
8,2,0.8,500,DP Greedy,23,3
8,2,0.8,100,DP Greedy,18,4
8,4,0.6,1000,DP Greedy,5,2
8,4,0.6,500,DP Greedy,28,2
8,4,0.6,100,DP Greedy,26,3
8,2,0.6,1000,DP Greedy,13,4
8,2,0.6,500,DP Greedy,1,0
8,2,0.6,100,DP Greedy,7,2
8,4,0.4,1000,DP Greedy,0,3
8,4,0.4,500,DP Greedy,0,2
8,4,0.4,100,DP Greedy,1,4
8,2,0.4,1000,DP Greedy,7,3
8,2,0.4,500,DP Greedy,26,4
8,2,0.4,100,DP Greedy,15,2
8,4,0.2,1000,DP Greedy,0,0
8,4,0.2,500,DP Greedy,1,0
8,4,0.2,100,DP Greedy,1,4
8,2,0.2,1000,DP Greedy,2,2
8,2,0.2,500,DP Greedy,3,2
8,2,0.2,100,DP Greedy,11,3
5,2,0.8,1000,DP Greedy,0,0
5,2,0.8,500,DP Greedy,0,0
5,2,0.8,100,DP Greedy,12,2
5,2,0.8,1000,DP Greedy,0,2
5,2,0.8,500,DP Greedy,0,2
5,2,0.8,100,DP Greedy,1,0
5,2,0.6,1000,DP Greedy,6,1
5,2,0.6,500,DP Greedy,3,0
5,2,0.6,100,DP Greedy,6,1
5,2,0.6,1000,DP Greedy,0,1
5,2,0.6,500,DP Greedy,1,1
5,2,0.6,100,DP Greedy,0,1
5,2,0.4,1000,DP Greedy,0,1
5,2,0.4,500,DP Greedy,7,1
5,2,0.4,100,DP Greedy,7,2
5,2,0.4,1000,DP Greedy,3,0
5,2,0.4,500,DP Greedy,0,0
5,2,0.4,100,DP Greedy,1,0
5,2,0.2,1000,DP Greedy,0,0
5,2,0.2,500,DP Greedy,0,0
5,2,0.2,100,DP Greedy,0,2
5,2,0.2,1000,DP Greedy,0,0
5,2,0.2,500,DP Greedy,1,0
5,2,0.2,100,DP Greedy,1,0
20,10,0.8,1000,DP Greedy,191,12
20,10,0.8,500,DP Greedy,160,12
20,10,0.8,100,DP Greedy,150,11
20,2,0.8,1000,DP Greedy,210,16
20,2,0.8,500,DP Greedy,184,16
20,2,0.8,100,DP Greedy,158,13
20,10,0.6,1000,DP Greedy,179,8
20,10,0.6,500,DP Greedy,187,11
20,10,0.6,100,DP Greedy,133,11
20,2,0.6,1000,DP Greedy,163,16
20,2,0.6,500,DP Greedy,103,14
20,2,0.6,100,DP Greedy,141,15
20,10,0.4,1000,DP Greedy,121,8
20,10,0.4,500,DP Greedy,104,10
20,10,0.4,100,DP Greedy,86,11
20,2,0.4,1000,DP Greedy,101,14
20,2,0.4,500,DP Greedy,95,14
20,2,0.4,100,DP Greedy,110,11
20,10,0.2,1000,DP Greedy,18,11
20,10,0.2,500,DP Greedy,35,12
20,10,0.2,100,DP Greedy,36,13
20,2,0.2,1000,DP Greedy,26,10
20,2,0.2,500,DP Greedy,18,6
20,2,0.2,100,DP Greedy,15,7
8,4,0.8,1000,DP Greedy,33,3
8,4,0.8,500,DP Greedy,31,3
8,4,0.8,100,DP Greedy,21,5
8,2,0.8,1000,DP Greedy,19,6
8,2,0.8,500,DP Greedy,29,5
8,2,0.8,100,DP Greedy,25,3
8,4,0.6,1000,DP Greedy,24,3
8,4,0.6,500,DP Greedy,27,4
8,4,0.6,100,DP Greedy,8,2
8,2,0.6,1000,DP Greedy,19,4
8,2,0.6,500,DP Greedy,11,5
8,2,0.6,100,DP Greedy,21,4
8,4,0.4,1000,DP Greedy,19,4
8,4,0.4,500,DP Greedy,20,3
8,4,0.4,100,DP Greedy,25,3
8,2,0.4,1000,DP Greedy,0,0
8,2,0.4,500,DP Greedy,0,0
8,2,0.4,100,DP Greedy,8,4
8,4,0.2,1000,DP Greedy,6,4
8,4,0.2,500,DP Greedy,0,2
8,4,0.2,100,DP Greedy,1,2
8,2,0.2,1000,DP Greedy,0,0
8,2,0.2,500,DP Greedy,0,0
8,2,0.2,100,DP Greedy,2,0
5,2,0.8,1000,DP Greedy,5,2
5,2,0.8,500,DP Greedy,0,0
5,2,0.8,100,DP Greedy,7,1
5,2,0.8,1000,DP Greedy,4,3
5,2,0.8,500,DP Greedy,0,0
5,2,0.8,100,DP Greedy,10,3
5,2,0.6,1000,DP Greedy,5,2
5,2,0.6,500,DP Greedy,0,0
5,2,0.6,100,DP Greedy,0,1
5,2,0.6,1000,DP Greedy,0,0
5,2,0.6,500,DP Greedy,0,0
5,2,0.6,100,DP Greedy,2,0
5,2,0.4,1000,DP Greedy,0,0
5,2,0.4,500,DP Greedy,0,2
5,2,0.4,100,DP Greedy,1,2
5,2,0.4,1000,DP Greedy,4,1
5,2,0.4,500,DP Greedy,0,0
5,2,0.4,100,DP Greedy,6,2
5,2,0.2,1000,DP Greedy,0,1
5,2,0.2,500,DP Greedy,2,2
5,2,0.2,100,DP Greedy,2,2
5,2,0.2,1000,DP Greedy,0,0
5,2,0.2,500,DP Greedy,0,0
5,2,0.2,100,DP Greedy,0,0
20,10,0.8,1000,DP Greedy,176,10
20,10,0.8,500,DP Greedy,177,11
20,10,0.8,100,DP Greedy,133,11
20,2,0.8,1000,DP Greedy,188,14
20,2,0.8,500,DP Greedy,172,16
20,2,0.8,100,DP Greedy,168,16
20,10,0.6,1000,DP Greedy,111,10
20,10,0.6,500,DP Greedy,111,12
20,10,0.6,100,DP Greedy,151,11
20,2,0.6,1000,DP Greedy,196,16
20,2,0.6,500,DP Greedy,163,15
20,2,0.6,100,DP Greedy,136,14
20,10,0.4,1000,DP Greedy,102,10
20,10,0.4,500,DP Greedy,99,12
20,10,0.4,100,DP Greedy,85,11
20,2,0.4,1000,DP Greedy,96,14
20,2,0.4,500,DP Greedy,72,13
20,2,0.4,100,DP Greedy,78,12
20,10,0.2,1000,DP Greedy,28,9
20,10,0.2,500,DP Greedy,48,10
20,10,0.2,100,DP Greedy,32,13
20,2,0.2,1000,DP Greedy,79,13
20,2,0.2,500,DP Greedy,78,12
20,2,0.2,100,DP Greedy,63,14
8,4,0.8,1000,DP Greedy,16,2
8,4,0.8,500,DP Greedy,14,4
8,4,0.8,100,DP Greedy,23,3
8,2,0.8,1000,DP Greedy,27,5
8,2,0.8,500,DP Greedy,20,5
8,2,0.8,100,DP Greedy,25,3
8,4,0.6,1000,DP Greedy,23,4
8,4,0.6,500,DP Greedy,13,4
8,4,0.6,100,DP Greedy,23,4
8,2,0.6,1000,DP Greedy,17,4
8,2,0.6,500,DP Greedy,6,3
8,2,0.6,100,DP Greedy,8,3
8,4,0.4,1000,DP Greedy,0,1
8,4,0.4,500,DP Greedy,0,0
8,4,0.4,100,DP Greedy,1,1
8,2,0.4,1000,DP Greedy,18,3
8,2,0.4,500,DP Greedy,16,5
8,2,0.4,100,DP Greedy,18,4
8,4,0.2,1000,DP Greedy,1,2
8,4,0.2,500,DP Greedy,2,1
8,4,0.2,100,DP Greedy,2,4
8,2,0.2,1000,DP Greedy,0,0
8,2,0.2,500,DP Greedy,0,0
8,2,0.2,100,DP Greedy,1,0
5,2,0.8,1000,DP Greedy,2,0
5,2,0.8,500,DP Greedy,2,0
5,2,0.8,100,DP Greedy,1,0
5,2,0.8,1000,DP Greedy,4,3
5,2,0.8,500,DP Greedy,10,2
5,2,0.8,100,DP Greedy,12,1
5,2,0.6,1000,DP Greedy,2,0
5,2,0.6,500,DP Greedy,1,0
5,2,0.6,100,DP Greedy,1,0
5,2,0.6,1000,DP Greedy,2,1
5,2,0.6,500,DP Greedy,10,2
5,2,0.6,100,DP Greedy,2,2
5,2,0.4,1000,DP Greedy,0,0
5,2,0.4,500,DP Greedy,0,0
5,2,0.4,100,DP Greedy,1,0
5,2,0.4,1000,DP Greedy,0,0
5,2,0.4,500,DP Greedy,8,3
5,2,0.4,100,DP Greedy,8,2
5,2,0.2,1000,DP Greedy,0,0
5,2,0.2,500,DP Greedy,0,0
5,2,0.2,100,DP Greedy,0,0
5,2,0.2,1000,DP Greedy,0,0
5,2,0.2,500,DP Greedy,1,0
5,2,0.2,100,DP Greedy,0,1
20,10,0.8,1000,DP Greedy,104,10
20,10,0.8,500,DP Greedy,181,12
20,10,0.8,100,DP Greedy,191,11
20,2,0.8,1000,DP Greedy,181,16
20,2,0.8,500,DP Greedy,170,16
20,2,0.8,100,DP Greedy,180,12
20,10,0.6,1000,DP Greedy,186,9
20,10,0.6,500,DP Greedy,146,10
20,10,0.6,100,DP Greedy,143,12
20,2,0.6,1000,DP Greedy,168,15
20,2,0.6,500,DP Greedy,156,14
20,2,0.6,100,DP Greedy,178,14
20,10,0.4,1000,DP Greedy,95,10
20,10,0.4,500,DP Greedy,86,10
20,10,0.4,100,DP Greedy,100,13
20,2,0.4,1000,DP Greedy,100,14
20,2,0.4,500,DP Greedy,64,12
20,2,0.4,100,DP Greedy,74,12
20,10,0.2,1000,DP Greedy,11,9
20,10,0.2,500,DP Greedy,14,9
20,10,0.2,100,DP Greedy,36,11
20,2,0.2,1000,DP Greedy,42,12
20,2,0.2,500,DP Greedy,28,10
20,2,0.2,100,DP Greedy,42,12
8,4,0.8,1000,DP Greedy,27,4
8,4,0.8,500,DP Greedy,10,3
8,4,0.8,100,DP Greedy,20,2
8,2,0.8,1000,DP Greedy,27,5
8,2,0.8,500,DP Greedy,29,4
8,2,0.8,100,DP Greedy,23,4
8,4,0.6,1000,DP Greedy,31,3
8,4,0.6,500,DP Greedy,10,2
8,4,0.6,100,DP Greedy,19,2
8,2,0.6,1000,DP Greedy,17,4
8,2,0.6,500,DP Greedy,3,3
8,2,0.6,100,DP Greedy,13,3
8,4,0.4,1000,DP Greedy,0,0
8,4,0.4,500,DP Greedy,0,2
8,4,0.4,100,DP Greedy,4,4
8,2,0.4,1000,DP Greedy,0,0
8,2,0.4,500,DP Greedy,6,2
8,2,0.4,100,DP Greedy,2,0
8,4,0.2,1000,DP Greedy,0,1
8,4,0.2,500,DP Greedy,2,1
8,4,0.2,100,DP Greedy,0,1
8,2,0.2,1000,DP Greedy,0,0
8,2,0.2,500,DP Greedy,0,2
8,2,0.2,100,DP Greedy,5,4
5,2,0.8,1000,DP Greedy,0,0
5,2,0.8,500,DP Greedy,0,0
5,2,0.8,100,DP Greedy,3,2
5,2,0.8,1000,DP Greedy,11,2
5,2,0.8,500,DP Greedy,11,2
5,2,0.8,100,DP Greedy,10,2
5,2,0.6,1000,DP Greedy,0,0
5,2,0.6,500,DP Greedy,0,0
5,2,0.6,100,DP Greedy,2,0
5,2,0.6,1000,DP Greedy,0,0
5,2,0.6,500,DP Greedy,1,0
5,2,0.6,100,DP Greedy,2,1
5,2,0.4,1000,DP Greedy,0,0
5,2,0.4,500,DP Greedy,0,0
5,2,0.4,100,DP Greedy,0,2
5,2,0.4,1000,DP Greedy,2,1
5,2,0.4,500,DP Greedy,0,0
5,2,0.4,100,DP Greedy,2,2
5,2,0.2,1000,DP Greedy,0,0
5,2,0.2,500,DP Greedy,0,1
5,2,0.2,100,DP Greedy,1,2
5,2,0.2,1000,DP Greedy,0,0
5,2,0.2,500,DP Greedy,0,0
5,2,0.2,100,DP Greedy,0,2
20,10,0.8,1000,DP Greedy,173,11
20,10,0.8,500,DP Greedy,153,10
20,10,0.8,100,DP Greedy,169,10
20,2,0.8,1000,DP Greedy,168,16
20,2,0.8,500,DP Greedy,150,14
20,2,0.8,100,DP Greedy,213,14
20,10,0.6,1000,DP Greedy,135,10
20,10,0.6,500,DP Greedy,163,10
20,10,0.6,100,DP Greedy,154,8
20,2,0.6,1000,DP Greedy,186,16
20,2,0.6,500,DP Greedy,141,15
20,2,0.6,100,DP Greedy,149,14
20,10,0.4,1000,DP Greedy,109,11
20,10,0.4,500,DP Greedy,125,10
20,10,0.4,100,DP Greedy,76,11
20,2,0.4,1000,DP Greedy,85,14
20,2,0.4,500,DP Greedy,97,15
20,2,0.4,100,DP Greedy,88,13
20,10,0.2,1000,DP Greedy,19,7
20,10,0.2,500,DP Greedy,32,8
20,10,0.2,100,DP Greedy,48,11
20,2,0.2,1000,DP Greedy,28,12
20,2,0.2,500,DP Greedy,22,6
20,2,0.2,100,DP Greedy,11,5
8,4,0.8,1000,DP Greedy,22,4
8,4,0.8,500,DP Greedy,19,3
8,4,0.8,100,DP Greedy,16,4
8,2,0.8,1000,DP Greedy,35,5
8,2,0.8,500,DP Greedy,20,4
8,2,0.8,100,DP Greedy,16,2
8,4,0.6,1000,DP Greedy,13,3
8,4,0.6,500,DP Greedy,19,3
8,4,0.6,100,DP Greedy,17,2
8,2,0.6,1000,DP Greedy,1,0
8,2,0.6,500,DP Greedy,9,2
8,2,0.6,100,DP Greedy,9,1
8,4,0.4,1000,DP Greedy,0,0
8,4,0.4,500,DP Greedy,6,2
8,4,0.4,100,DP Greedy,5,3
8,2,0.4,1000,DP Greedy,6,3
8,2,0.4,500,DP Greedy,4,2
8,2,0.4,100,DP Greedy,14,3
8,4,0.2,1000,DP Greedy,0,0
8,4,0.2,500,DP Greedy,1,1
8,4,0.2,100,DP Greedy,3,3
8,2,0.2,1000,DP Greedy,1,3
8,2,0.2,500,DP Greedy,0,1
8,2,0.2,100,DP Greedy,1,3
5,2,0.8,1000,DP Greedy,2,0
5,2,0.8,500,DP Greedy,0,0
5,2,0.8,100,DP Greedy,11,2
5,2,0.8,1000,DP Greedy,0,0
5,2,0.8,500,DP Greedy,0,0
5,2,0.8,100,DP Greedy,0,0
5,2,0.6,1000,DP Greedy,0,1
5,2,0.6,500,DP Greedy,0,0
5,2,0.6,100,DP Greedy,0,0
5,2,0.6,1000,DP Greedy,0,0
5,2,0.6,500,DP Greedy,0,0
5,2,0.6,100,DP Greedy,4,0
5,2,0.4,1000,DP Greedy,0,2
5,2,0.4,500,DP Greedy,0,2
5,2,0.4,100,DP Greedy,1,2
5,2,0.4,1000,DP Greedy,1,0
5,2,0.4,500,DP Greedy,0,0
5,2,0.4,100,DP Greedy,0,0
5,2,0.2,1000,DP Greedy,0,0
5,2,0.2,500,DP Greedy,0,0
5,2,0.2,100,DP Greedy,2,0
5,2,0.2,1000,DP Greedy,0,2
5,2,0.2,500,DP Greedy,0,2
5,2,0.2,100,DP Greedy,0,2
20,10,0.8,1000,DP Greedy,171,11
20,10,0.8,500,DP Greedy,158,11
20,10,0.8,100,DP Greedy,186,11
20,2,0.8,1000,DP Greedy,167,15
20,2,0.8,500,DP Greedy,169,15
20,2,0.8,100,DP Greedy,177,13
20,10,0.6,1000,DP Greedy,147,12
20,10,0.6,500,DP Greedy,181,12
20,10,0.6,100,DP Greedy,163,11
20,2,0.6,1000,DP Greedy,143,15
20,2,0.6,500,DP Greedy,124,14
20,2,0.6,100,DP Greedy,94,13
20,10,0.4,1000,DP Greedy,121,10
20,10,0.4,500,DP Greedy,130,10
20,10,0.4,100,DP Greedy,77,11
20,2,0.4,1000,DP Greedy,123,14
20,2,0.4,500,DP Greedy,112,12
20,2,0.4,100,DP Greedy,117,14
20,10,0.2,1000,DP Greedy,30,10
20,10,0.2,500,DP Greedy,55,12
20,10,0.2,100,DP Greedy,34,11
20,2,0.2,1000,DP Greedy,27,6
20,2,0.2,500,DP Greedy,2,7
20,2,0.2,100,DP Greedy,34,12
8,4,0.8,1000,DP Greedy,12,4
8,4,0.8,500,DP Greedy,27,4
8,4,0.8,100,DP Greedy,21,4
8,2,0.8,1000,DP Greedy,16,4
8,2,0.8,500,DP Greedy,31,5
8,2,0.8,100,DP Greedy,16,3
8,4,0.6,1000,DP Greedy,13,4
8,4,0.6,500,DP Greedy,24,3
8,4,0.6,100,DP Greedy,18,2
8,2,0.6,1000,DP Greedy,7,1
8,2,0.6,500,DP Greedy,6,1
8,2,0.6,100,DP Greedy,1,0
8,4,0.4,1000,DP Greedy,5,1
8,4,0.4,500,DP Greedy,5,2
8,4,0.4,100,DP Greedy,6,0
8,2,0.4,1000,DP Greedy,0,3
8,2,0.4,500,DP Greedy,12,4
8,2,0.4,100,DP Greedy,6,5
8,4,0.2,1000,DP Greedy,0,0
8,4,0.2,500,DP Greedy,0,2
8,4,0.2,100,DP Greedy,4,3
8,2,0.2,1000,DP Greedy,1,3
8,2,0.2,500,DP Greedy,4,4
8,2,0.2,100,DP Greedy,1,2
5,2,0.8,1000,DP Greedy,7,1
5,2,0.8,500,DP Greedy,8,1
5,2,0.8,100,DP Greedy,12,2
5,2,0.8,1000,DP Greedy,2,2
5,2,0.8,500,DP Greedy,2,0
5,2,0.8,100,DP Greedy,3,0
5,2,0.6,1000,DP Greedy,0,0
5,2,0.6,500,DP Greedy,2,0
5,2,0.6,100,DP Greedy,0,0
5,2,0.6,1000,DP Greedy,0,0
5,2,0.6,500,DP Greedy,0,0
5,2,0.6,100,DP Greedy,0,2
5,2,0.4,1000,DP Greedy,0,0
5,2,0.4,500,DP Greedy,0,2
5,2,0.4,100,DP Greedy,0,0
5,2,0.4,1000,DP Greedy,0,0
5,2,0.4,500,DP Greedy,0,0
5,2,0.4,100,DP Greedy,0,0
5,2,0.2,1000,DP Greedy,0,0
5,2,0.2,500,DP Greedy,0,0
5,2,0.2,100,DP Greedy,0,0
5,2,0.2,1000,DP Greedy,0,1
5,2,0.2,500,DP Greedy,0,1
5,2,0.2,100,DP Greedy,1,1
20,10,0.8,1000,DP Greedy,175,9
20,10,0.8,500,DP Greedy,163,11
20,10,0.8,100,DP Greedy,182,12
20,2,0.8,1000,DP Greedy,155,15
20,2,0.8,500,DP Greedy,193,15
20,2,0.8,100,DP Greedy,181,15
20,10,0.6,1000,DP Greedy,120,10
20,10,0.6,500,DP Greedy,123,12
20,10,0.6,100,DP Greedy,177,12
20,2,0.6,1000,DP Greedy,196,15
20,2,0.6,500,DP Greedy,134,15
20,2,0.6,100,DP Greedy,137,14
20,10,0.4,1000,DP Greedy,85,10
20,10,0.4,500,DP Greedy,101,11
20,10,0.4,100,DP Greedy,63,11
20,2,0.4,1000,DP Greedy,125,14
20,2,0.4,500,DP Greedy,109,15
20,2,0.4,100,DP Greedy,81,12
20,10,0.2,1000,DP Greedy,42,10
20,10,0.2,500,DP Greedy,48,9
20,10,0.2,100,DP Greedy,31,7
20,2,0.2,1000,DP Greedy,28,11
20,2,0.2,500,DP Greedy,25,9
20,2,0.2,100,DP Greedy,39,9
8,4,0.8,1000,DP Greedy,34,4
8,4,0.8,500,DP Greedy,25,3
8,4,0.8,100,DP Greedy,14,3
8,2,0.8,1000,DP Greedy,18,3
8,2,0.8,500,DP Greedy,11,3
8,2,0.8,100,DP Greedy,19,3
8,4,0.6,1000,DP Greedy,15,3
8,4,0.6,500,DP Greedy,19,3
8,4,0.6,100,DP Greedy,33,4
8,2,0.6,1000,DP Greedy,9,3
8,2,0.6,500,DP Greedy,9,4
8,2,0.6,100,DP Greedy,6,4
8,4,0.4,1000,DP Greedy,1,0
8,4,0.4,500,DP Greedy,11,2
8,4,0.4,100,DP Greedy,10,2
8,2,0.4,1000,DP Greedy,0,0
8,2,0.4,500,DP Greedy,7,3
8,2,0.4,100,DP Greedy,5,0
8,4,0.2,1000,DP Greedy,0,1
8,4,0.2,500,DP Greedy,0,1
8,4,0.2,100,DP Greedy,0,3
8,2,0.2,1000,DP Greedy,0,0
8,2,0.2,500,DP Greedy,0,1
8,2,0.2,100,DP Greedy,3,0
5,2,0.8,1000,DP Greedy,0,0
5,2,0.8,500,DP Greedy,2,2
5,2,0.8,100,DP Greedy,0,0
5,2,0.8,1000,DP Greedy,14,2
5,2,0.8,500,DP Greedy,7,1
5,2,0.8,100,DP Greedy,13,2
5,2,0.6,1000,DP Greedy,6,2
5,2,0.6,500,DP Greedy,0,0
5,2,0.6,100,DP Greedy,0,2
5,2,0.6,1000,DP Greedy,0,1
5,2,0.6,500,DP Greedy,0,1
5,2,0.6,100,DP Greedy,5,1
5,2,0.4,1000,DP Greedy,0,0
5,2,0.4,500,DP Greedy,0,0
5,2,0.4,100,DP Greedy,6,2
5,2,0.4,1000,DP Greedy,8,3
5,2,0.4,500,DP Greedy,10,2
5,2,0.4,100,DP Greedy,7,3
5,2,0.2,1000,DP Greedy,0,1
5,2,0.2,500,DP Greedy,0,2
5,2,0.2,100,DP Greedy,1,1
5,2,0.2,1000,DP Greedy,2,2
5,2,0.2,500,DP Greedy,0,2
5,2,0.2,100,DP Greedy,1,2
20,10,0.8,1000,DP Greedy,184,9
20,10,0.8,500,DP Greedy,145,10
20,10,0.8,100,DP Greedy,150,12
20,2,0.8,1000,DP Greedy,152,16
20,2,0.8,500,DP Greedy,156,14
20,2,0.8,100,DP Greedy,179,14
20,10,0.6,1000,DP Greedy,153,11
20,10,0.6,500,DP Greedy,173,12
20,10,0.6,100,DP Greedy,164,14
20,2,0.6,1000,DP Greedy,164,16
20,2,0.6,500,DP Greedy,169,15
20,2,0.6,100,DP Greedy,132,14
20,10,0.4,1000,DP Greedy,129,9
20,10,0.4,500,DP Greedy,122,10
20,10,0.4,100,DP Greedy,121,11
20,2,0.4,1000,DP Greedy,114,15
20,2,0.4,500,DP Greedy,140,15
20,2,0.4,100,DP Greedy,118,15
20,10,0.2,1000,DP Greedy,59,10
20,10,0.2,500,DP Greedy,16,8
20,10,0.2,100,DP Greedy,60,11
20,2,0.2,1000,DP Greedy,39,10
20,2,0.2,500,DP Greedy,29,8
20,2,0.2,100,DP Greedy,20,8
8,4,0.8,1000,DP Greedy,35,4
8,4,0.8,500,DP Greedy,29,4
8,4,0.8,100,DP Greedy,26,4
8,2,0.8,1000,DP Greedy,29,5
8,2,0.8,500,DP Greedy,19,6
8,2,0.8,100,DP Greedy,23,5
8,4,0.6,1000,DP Greedy,5,3
8,4,0.6,500,DP Greedy,10,5
8,4,0.6,100,DP Greedy,6,4
8,2,0.6,1000,DP Greedy,16,5
8,2,0.6,500,DP Greedy,24,4
8,2,0.6,100,DP Greedy,21,5
8,4,0.4,1000,DP Greedy,8,1
8,4,0.4,500,DP Greedy,10,3
8,4,0.4,100,DP Greedy,19,3
8,2,0.4,1000,DP Greedy,8,3
8,2,0.4,500,DP Greedy,17,3
8,2,0.4,100,DP Greedy,0,0
8,4,0.2,1000,DP Greedy,1,2
8,4,0.2,500,DP Greedy,0,3
8,4,0.2,100,DP Greedy,0,2
8,2,0.2,1000,DP Greedy,0,0
8,2,0.2,500,DP Greedy,6,3
8,2,0.2,100,DP Greedy,6,4
5,2,0.8,1000,DP Greedy,0,0
5,2,0.8,500,DP Greedy,5,0
5,2,0.8,100,DP Greedy,4,0
5,2,0.8,1000,DP Greedy,11,2
5,2,0.8,500,DP Greedy,2,0
5,2,0.8,100,DP Greedy,12,2
5,2,0.6,1000,DP Greedy,0,0
5,2,0.6,500,DP Greedy,4,0
5,2,0.6,100,DP Greedy,4,1
5,2,0.6,1000,DP Greedy,0,2
5,2,0.6,500,DP Greedy,0,2
5,2,0.6,100,DP Greedy,1,2
5,2,0.4,1000,DP Greedy,0,0
5,2,0.4,500,DP Greedy,0,0
5,2,0.4,100,DP Greedy,1,0
5,2,0.4,1000,DP Greedy,0,0
5,2,0.4,500,DP Greedy,0,0
5,2,0.4,100,DP Greedy,0,0
5,2,0.2,1000,DP Greedy,1,0
5,2,0.2,500,DP Greedy,0,0
5,2,0.2,100,DP Greedy,0,0
5,2,0.2,1000,DP Greedy,0,0
5,2,0.2,500,DP Greedy,0,0
5,2,0.2,100,DP Greedy,0,1
20,10,0.8,1000,DP Greedy,206,13
20,10,0.8,500,DP Greedy,149,12
20,10,0.8,100,DP Greedy,171,11
20,2,0.8,1000,DP Greedy,162,16
20,2,0.8,500,DP Greedy,158,14
20,2,0.8,100,DP Greedy,166,13
20,10,0.6,1000,DP Greedy,151,11
20,10,0.6,500,DP Greedy,157,9
20,10,0.6,100,DP Greedy,140,12
20,2,0.6,1000,DP Greedy,140,15
20,2,0.6,500,DP Greedy,178,15
20,2,0.6,100,DP Greedy,118,11
20,10,0.4,1000,DP Greedy,141,9
20,10,0.4,500,DP Greedy,125,12
20,10,0.4,100,DP Greedy,78,12
20,2,0.4,1000,DP Greedy,148,14
20,2,0.4,500,DP Greedy,119,15
20,2,0.4,100,DP Greedy,129,14
20,10,0.2,1000,DP Greedy,26,9
20,10,0.2,500,DP Greedy,27,11
20,10,0.2,100,DP Greedy,23,13
20,2,0.2,1000,DP Greedy,60,13
20,2,0.2,500,DP Greedy,75,13
20,2,0.2,100,DP Greedy,44,8
8,4,0.8,1000,DP Greedy,13,2
8,4,0.8,500,DP Greedy,13,4
8,4,0.8,100,DP Greedy,25,3
8,2,0.8,1000,DP Greedy,12,5
8,2,0.8,500,DP Greedy,14,4
8,2,0.8,100,DP Greedy,25,3
8,4,0.6,1000,DP Greedy,12,5
8,4,0.6,500,DP Greedy,1,5
8,4,0.6,100,DP Greedy,17,3
8,2,0.6,1000,DP Greedy,18,4
8,2,0.6,500,DP Greedy,15,3
8,2,0.6,100,DP Greedy,20,4
8,4,0.4,1000,DP Greedy,0,1
8,4,0.4,500,DP Greedy,7,2
8,4,0.4,100,DP Greedy,3,1
8,2,0.4,1000,DP Greedy,2,2
8,2,0.4,500,DP Greedy,4,2
8,2,0.4,100,DP Greedy,12,4
8,4,0.2,1000,DP Greedy,2,3
8,4,0.2,500,DP Greedy,2,3
8,4,0.2,100,DP Greedy,5,3
8,2,0.2,1000,DP Greedy,0,0
8,2,0.2,500,DP Greedy,0,0
8,2,0.2,100,DP Greedy,4,0
5,2,0.8,1000,DP Greedy,9,2
5,2,0.8,500,DP Greedy,0,0
5,2,0.8,100,DP Greedy,10,1
5,2,0.8,1000,DP Greedy,0,0
5,2,0.8,500,DP Greedy,0,0
5,2,0.8,100,DP Greedy,8,2
5,2,0.6,1000,DP Greedy,0,0
5,2,0.6,500,DP Greedy,0,1
5,2,0.6,100,DP Greedy,0,2
5,2,0.6,1000,DP Greedy,0,0
5,2,0.6,500,DP Greedy,0,0
5,2,0.6,100,DP Greedy,11,2
5,2,0.4,1000,DP Greedy,0,0
5,2,0.4,500,DP Greedy,11,2
5,2,0.4,100,DP Greedy,3,2
5,2,0.4,1000,DP Greedy,4,0
5,2,0.4,500,DP Greedy,5,0
5,2,0.4,100,DP Greedy,0,0
5,2,0.2,1000,DP Greedy,1,0
5,2,0.2,500,DP Greedy,0,0
5,2,0.2,100,DP Greedy,2,2
5,2,0.2,1000,DP Greedy,0,0
5,2,0.2,500,DP Greedy,0,0
5,2,0.2,100,DP Greedy,0,2
20,10,0.8,1000,DP Greedy,187,11
20,10,0.8,500,DP Greedy,185,10
20,10,0.8,100,DP Greedy,175,10
20,2,0.8,1000,DP Greedy,190,15
20,2,0.8,500,DP Greedy,183,15
20,2,0.8,100,DP Greedy,167,12
20,10,0.6,1000,DP Greedy,156,13
20,10,0.6,500,DP Greedy,130,12
20,10,0.6,100,DP Greedy,169,11
20,2,0.6,1000,DP Greedy,126,15
20,2,0.6,500,DP Greedy,143,16
20,2,0.6,100,DP Greedy,166,15
20,10,0.4,1000,DP Greedy,101,11
20,10,0.4,500,DP Greedy,32,9
20,10,0.4,100,DP Greedy,105,12
20,2,0.4,1000,DP Greedy,147,15
20,2,0.4,500,DP Greedy,146,15
20,2,0.4,100,DP Greedy,97,15
20,10,0.2,1000,DP Greedy,36,10
20,10,0.2,500,DP Greedy,49,9
20,10,0.2,100,DP Greedy,22,12
20,2,0.2,1000,DP Greedy,21,7
20,2,0.2,500,DP Greedy,29,8
20,2,0.2,100,DP Greedy,43,8
8,4,0.8,1000,DP Greedy,17,2
8,4,0.8,500,DP Greedy,12,3
8,4,0.8,100,DP Greedy,23,4
8,2,0.8,1000,DP Greedy,13,5
8,2,0.8,500,DP Greedy,14,4
8,2,0.8,100,DP Greedy,10,2
8,4,0.6,1000,DP Greedy,20,3
8,4,0.6,500,DP Greedy,23,4
8,4,0.6,100,DP Greedy,23,4
8,2,0.6,1000,DP Greedy,1,0
8,2,0.6,500,DP Greedy,3,0
8,2,0.6,100,DP Greedy,0,0
8,4,0.4,1000,DP Greedy,0,0
8,4,0.4,500,DP Greedy,5,0
8,4,0.4,100,DP Greedy,15,3
8,2,0.4,1000,DP Greedy,12,4
8,2,0.4,500,DP Greedy,6,4
8,2,0.4,100,DP Greedy,11,4
8,4,0.2,1000,DP Greedy,0,0
8,4,0.2,500,DP Greedy,3,1
8,4,0.2,100,DP Greedy,4,3
8,2,0.2,1000,DP Greedy,0,0
8,2,0.2,500,DP Greedy,5,2
8,2,0.2,100,DP Greedy,5,1
5,2,0.8,1000,DP Greedy,2,2
5,2,0.8,500,DP Greedy,7,2
5,2,0.8,100,DP Greedy,11,2
5,2,0.8,1000,DP Greedy,0,0
5,2,0.8,500,DP Greedy,0,0
5,2,0.8,100,DP Greedy,8,2
5,2,0.6,1000,DP Greedy,0,0
5,2,0.6,500,DP Greedy,3,2
5,2,0.6,100,DP Greedy,9,1
5,2,0.6,1000,DP Greedy,0,0
5,2,0.6,500,DP Greedy,0,0
5,2,0.6,100,DP Greedy,1,0
5,2,0.4,1000,DP Greedy,0,0
5,2,0.4,500,DP Greedy,2,0
5,2,0.4,100,DP Greedy,0,0
5,2,0.4,1000,DP Greedy,0,0
5,2,0.4,500,DP Greedy,0,0
5,2,0.4,100,DP Greedy,6,2
5,2,0.2,1000,DP Greedy,0,0
5,2,0.2,500,DP Greedy,3,2
5,2,0.2,100,DP Greedy,4,2
5,2,0.2,1000,DP Greedy,0,0
5,2,0.2,500,DP Greedy,0,0
5,2,0.2,100,DP Greedy,0,0
20,10,0.8,1000,DP Greedy,167,10
20,10,0.8,500,DP Greedy,174,10
20,10,0.8,100,DP Greedy,172,11
20,2,0.8,1000,DP Greedy,169,15
20,2,0.8,500,DP Greedy,212,15
20,2,0.8,100,DP Greedy,169,15
20,10,0.6,1000,DP Greedy,145,11
20,10,0.6,500,DP Greedy,150,14
20,10,0.6,100,DP Greedy,134,11
20,2,0.6,1000,DP Greedy,163,16
20,2,0.6,500,DP Greedy,158,16
20,2,0.6,100,DP Greedy,161,15
20,10,0.4,1000,DP Greedy,54,10
20,10,0.4,500,DP Greedy,109,12
20,10,0.4,100,DP Greedy,96,12
20,2,0.4,1000,DP Greedy,137,16
20,2,0.4,500,DP Greedy,85,12
20,2,0.4,100,DP Greedy,100,13
20,10,0.2,1000,DP Greedy,24,9
20,10,0.2,500,DP Greedy,24,9
20,10,0.2,100,DP Greedy,39,13
20,2,0.2,1000,DP Greedy,2,0
20,2,0.2,500,DP Greedy,4,5
20,2,0.2,100,DP Greedy,24,7
8,4,0.8,1000,DP Greedy,23,3
8,4,0.8,500,DP Greedy,31,4
8,4,0.8,100,DP Greedy,29,5
8,2,0.8,1000,DP Greedy,31,5
8,2,0.8,500,DP Greedy,27,4
8,2,0.8,100,DP Greedy,14,3
8,4,0.6,1000,DP Greedy,10,4
8,4,0.6,500,DP Greedy,10,2
8,4,0.6,100,DP Greedy,13,3
8,2,0.6,1000,DP Greedy,0,0
8,2,0.6,500,DP Greedy,13,3
8,2,0.6,100,DP Greedy,13,3
8,4,0.4,1000,DP Greedy,3,2
8,4,0.4,500,DP Greedy,9,2
8,4,0.4,100,DP Greedy,6,1
8,2,0.4,1000,DP Greedy,0,0
8,2,0.4,500,DP Greedy,1,0
8,2,0.4,100,DP Greedy,4,0
8,4,0.2,1000,DP Greedy,2,2
8,4,0.2,500,DP Greedy,1,2
8,4,0.2,100,DP Greedy,1,3
8,2,0.2,1000,DP Greedy,0,0
8,2,0.2,500,DP Greedy,0,0
8,2,0.2,100,DP Greedy,0,2
5,2,0.8,1000,DP Greedy,0,1
5,2,0.8,500,DP Greedy,1,1
5,2,0.8,100,DP Greedy,8,1
5,2,0.8,1000,DP Greedy,0,2
5,2,0.8,500,DP Greedy,6,1
5,2,0.8,100,DP Greedy,3,0
5,2,0.6,1000,DP Greedy,0,0
5,2,0.6,500,DP Greedy,5,2
5,2,0.6,100,DP Greedy,6,0
5,2,0.6,1000,DP Greedy,4,1
5,2,0.6,500,DP Greedy,9,2
5,2,0.6,100,DP Greedy,9,1
5,2,0.4,1000,DP Greedy,0,0
5,2,0.4,500,DP Greedy,2,1
5,2,0.4,100,DP Greedy,0,2
5,2,0.4,1000,DP Greedy,0,0
5,2,0.4,500,DP Greedy,2,1
5,2,0.4,100,DP Greedy,3,0
5,2,0.2,1000,DP Greedy,0,0
5,2,0.2,500,DP Greedy,0,0
5,2,0.2,100,DP Greedy,0,0
5,2,0.2,1000,DP Greedy,0,0
5,2,0.2,500,DP Greedy,0,2
5,2,0.2,100,DP Greedy,0,0
20,10,0.8,1000,DP Greedy,175,11
20,10,0.8,500,DP Greedy,164,12
20,10,0.8,100,DP Greedy,146,11
20,2,0.8,1000,DP Greedy,161,16
20,2,0.8,500,DP Greedy,181,15
20,2,0.8,100,DP Greedy,194,13
20,10,0.6,1000,DP Greedy,137,10
20,10,0.6,500,DP Greedy,148,12
20,10,0.6,100,DP Greedy,162,11
20,2,0.6,1000,DP Greedy,140,16
20,2,0.6,500,DP Greedy,161,15
20,2,0.6,100,DP Greedy,152,15
20,10,0.4,1000,DP Greedy,140,11
20,10,0.4,500,DP Greedy,145,11
20,10,0.4,100,DP Greedy,96,11
20,2,0.4,1000,DP Greedy,104,15
20,2,0.4,500,DP Greedy,97,15
20,2,0.4,100,DP Greedy,87,15
20,10,0.2,1000,DP Greedy,49,8
20,10,0.2,500,DP Greedy,47,10
20,10,0.2,100,DP Greedy,57,9
20,2,0.2,1000,DP Greedy,23,7
20,2,0.2,500,DP Greedy,9,2
20,2,0.2,100,DP Greedy,31,8
8,4,0.8,1000,DP Greedy,36,4
8,4,0.8,500,DP Greedy,19,3
8,4,0.8,100,DP Greedy,32,3
8,2,0.8,1000,DP Greedy,14,4
8,2,0.8,500,DP Greedy,2,0
8,2,0.8,100,DP Greedy,16,4
8,4,0.6,1000,DP Greedy,21,3
8,4,0.6,500,DP Greedy,25,4
8,4,0.6,100,DP Greedy,22,4
8,2,0.6,1000,DP Greedy,31,5
8,2,0.6,500,DP Greedy,18,3
8,2,0.6,100,DP Greedy,22,4
8,4,0.4,1000,DP Greedy,0,1
8,4,0.4,500,DP Greedy,0,2
8,4,0.4,100,DP Greedy,3,3
8,2,0.4,1000,DP Greedy,0,0
8,2,0.4,500,DP Greedy,0,0
8,2,0.4,100,DP Greedy,3,0
8,4,0.2,1000,DP Greedy,0,0
8,4,0.2,500,DP Greedy,0,0
8,4,0.2,100,DP Greedy,2,2
8,2,0.2,1000,DP Greedy,0,0
8,2,0.2,500,DP Greedy,0,0
8,2,0.2,100,DP Greedy,3,0
5,2,0.8,1000,DP Greedy,10,2
5,2,0.8,500,DP Greedy,14,2
5,2,0.8,100,DP Greedy,8,2
5,2,0.8,1000,DP Greedy,8,2
5,2,0.8,500,DP Greedy,7,2
5,2,0.8,100,DP Greedy,4,0
5,2,0.6,1000,DP Greedy,0,2
5,2,0.6,500,DP Greedy,0,2
5,2,0.6,100,DP Greedy,2,2
5,2,0.6,1000,DP Greedy,0,0
5,2,0.6,500,DP Greedy,4,0
5,2,0.6,100,DP Greedy,3,0
5,2,0.4,1000,DP Greedy,0,0
5,2,0.4,500,DP Greedy,0,0
5,2,0.4,100,DP Greedy,5,1
5,2,0.4,1000,DP Greedy,0,0
5,2,0.4,500,DP Greedy,2,0
5,2,0.4,100,DP Greedy,3,0
5,2,0.2,1000,DP Greedy,0,1
5,2,0.2,500,DP Greedy,0,1
5,2,0.2,100,DP Greedy,2,2
5,2,0.2,1000,DP Greedy,0,0
5,2,0.2,500,DP Greedy,0,2
5,2,0.2,100,DP Greedy,7,2
